path,score
Health & Wellness > Prevention & Diagnostics > Health screenings > Executive physicals,3
Health & Wellness > Prevention & Diagnostics > Health screenings > Preventive blood panels,4
Health & Wellness > Prevention & Diagnostics > Health screenings > Cancer screening,3
Health & Wellness > Prevention & Diagnostics > Health screenings > Cardiovascular screening,3
Health & Wellness > Prevention & Diagnostics > At-home testing > Home lab kits,4
Health & Wellness > Prevention & Diagnostics > At-home testing > Blood-test memberships,5
Health & Wellness > Prevention & Diagnostics > At-home testing > Hormone tests,4
Health & Wellness > Prevention & Diagnostics > At-home testing > Consumer lab ordering,3
Health & Wellness > Prevention & Diagnostics > Early-detection imaging > Whole-body MRI,4
Health & Wellness > Prevention & Diagnostics > Early-detection imaging > Coronary calcium scoring,3
Health & Wellness > Prevention & Diagnostics > Early-detection imaging > DEXA body scans,3
Health & Wellness > Prevention & Diagnostics > Early-detection imaging > Mole mapping,3
Health & Wellness > Prevention & Diagnostics > Genomics > Whole-genome sequencing,3
Health & Wellness > Prevention & Diagnostics > Genomics > Epigenetic age clocks,3
Health & Wellness > Prevention & Diagnostics > Genomics > Pharmacogenomics,3
Health & Wellness > Prevention & Diagnostics > Genomics > Hereditary risk panels,3
Health & Wellness > Prevention & Diagnostics > Environmental health > Indoor air quality,4
Health & Wellness > Prevention & Diagnostics > Environmental health > Water testing & filtration,4
Health & Wellness > Prevention & Diagnostics > Environmental health > Mold & toxin testing,3
Health & Wellness > Prevention & Diagnostics > Environmental health > Microplastics testing,3
Health & Wellness > Nutrition & Metabolic Health > GLP-1 economy > GLP-1 telehealth,5
Health & Wellness > Nutrition & Metabolic Health > GLP-1 economy > Oral GLP-1s,4
Health & Wellness > Nutrition & Metabolic Health > GLP-1 economy > Muscle preservation,4
Health & Wellness > Nutrition & Metabolic Health > GLP-1 economy > GLP-1 companion foods,4
Health & Wellness > Nutrition & Metabolic Health > GLP-1 economy > Maintenance & off-ramp,4
Health & Wellness > Nutrition & Metabolic Health > Personalized nutrition > Microbiome testing,3
Health & Wellness > Nutrition & Metabolic Health > Personalized nutrition > CGM programs,4
Health & Wellness > Nutrition & Metabolic Health > Personalized nutrition > AI meal planning,4
Health & Wellness > Nutrition & Metabolic Health > Personalized nutrition > Metabolic health,3
Health & Wellness > Nutrition & Metabolic Health > Sports nutrition > Endurance fueling,3
Health & Wellness > Nutrition & Metabolic Health > Sports nutrition > Strength & protein,3
Health & Wellness > Nutrition & Metabolic Health > Sports nutrition > Hydration & electrolytes,4
Health & Wellness > Nutrition & Metabolic Health > Sports nutrition > Athlete meal prep,3
Health & Wellness > Nutrition & Metabolic Health > Special diets > Plant-based,3
Health & Wellness > Nutrition & Metabolic Health > Special diets > Gluten-free,3
Health & Wellness > Nutrition & Metabolic Health > Special diets > Culturally tailored diets,3
Health & Wellness > Nutrition & Metabolic Health > Special diets > Diet-friendly dining guides,3
Health & Wellness > Nutrition & Metabolic Health > Supplements > Vitamins & minerals,3
Health & Wellness > Nutrition & Metabolic Health > Supplements > Protein powders,3
Health & Wellness > Nutrition & Metabolic Health > Supplements > Creatine,4
Health & Wellness > Nutrition & Metabolic Health > Supplements > Probiotics,3
Health & Wellness > Nutrition & Metabolic Health > Supplements > Longevity supplements,4
Health & Wellness > Nutrition & Metabolic Health > Clinical nutrition > Dietitian telehealth,5
Health & Wellness > Nutrition & Metabolic Health > Clinical nutrition > Medical nutrition therapy,4
Health & Wellness > Nutrition & Metabolic Health > Clinical nutrition > Eating-disorder treatment,4
Health & Wellness > Nutrition & Metabolic Health > Clinical nutrition > Medically tailored meals,4
Health & Wellness > Fitness & Recovery > Cardio & endurance > Running,3
Health & Wellness > Fitness & Recovery > Cardio & endurance > Cycling,3
Health & Wellness > Fitness & Recovery > Cardio & endurance > Zone-2 & VO2max training,3
Health & Wellness > Fitness & Recovery > Cardio & endurance > Race registration,3
Health & Wellness > Fitness & Recovery > Mobility & flexibility > Stretching,3
Health & Wellness > Fitness & Recovery > Mobility & flexibility > Yoga,3
Health & Wellness > Fitness & Recovery > Mobility & flexibility > Pilates,4
Health & Wellness > Fitness & Recovery > Mobility & flexibility > Mobility apps,3
Health & Wellness > Fitness & Recovery > Connected fitness > Home gyms,3
Health & Wellness > Fitness & Recovery > Connected fitness > Fitness equipment,3
Health & Wellness > Fitness & Recovery > Connected fitness > Workout apps,4
Health & Wellness > Fitness & Recovery > Connected fitness > Virtual coaching,4
Health & Wellness > Fitness & Recovery > Connected fitness > AI personal trainers,5
Health & Wellness > Fitness & Recovery > Athletic recovery > Sauna & heat,4
Health & Wellness > Fitness & Recovery > Athletic recovery > Cold plunge,3
Health & Wellness > Fitness & Recovery > Athletic recovery > Compression,3
Health & Wellness > Fitness & Recovery > Athletic recovery > Red-light therapy,3
Health & Wellness > Fitness & Recovery > Athletic recovery > Social bathhouses,4
Health & Wellness > Fitness & Recovery > Gyms & studios > Boutique franchises,3
Health & Wellness > Fitness & Recovery > Gyms & studios > Budget gyms,3
Health & Wellness > Fitness & Recovery > Gyms & studios > Climbing gyms,3
Health & Wellness > Fitness & Recovery > Gyms & studios > Gym management software,4
Health & Wellness > Fitness & Recovery > Adaptive & inclusive fitness > Senior fitness,4
Health & Wellness > Fitness & Recovery > Adaptive & inclusive fitness > Plus-size fitness,3
Health & Wellness > Fitness & Recovery > Adaptive & inclusive fitness > Adaptive training,3
Health & Wellness > Fitness & Recovery > Adaptive & inclusive fitness > Prenatal & postnatal fitness,3
Health & Wellness > Fitness & Recovery > Youth sports > Skills training,3
Health & Wellness > Fitness & Recovery > Youth sports > College recruiting,4
Health & Wellness > Fitness & Recovery > Youth sports > League & club software,4
Health & Wellness > Fitness & Recovery > Youth sports > Sports camps,3
Health & Wellness > Sleep > Sleep optimization > Sleep trackers,4
Health & Wellness > Sleep > Sleep optimization > Routines & coaching,3
Health & Wellness > Sleep > Sleep optimization > Cooling & smart beds,4
Health & Wellness > Sleep > Sleep optimization > Circadian lighting,3
Health & Wellness > Sleep > Sleep optimization > Mattresses & bedding,3
Health & Wellness > Sleep > Sleep optimization > Sleep audio apps,3
Health & Wellness > Sleep > Sleep optimization > Snoring solutions,3
Health & Wellness > Sleep > Sleep disorders > Insomnia & CBT-I,5
Health & Wellness > Sleep > Sleep disorders > Sleep apnea,5
Health & Wellness > Sleep > Sleep disorders > Home sleep testing,4
Health & Wellness > Sleep > Sleep disorders > Oral sleep appliances,3
Health & Wellness > Sleep > Infant & child sleep > Sleep consultants,4
Health & Wellness > Sleep > Infant & child sleep > Smart bassinets,4
Health & Wellness > Sleep > Infant & child sleep > Sleep-training apps,3
Health & Wellness > Sleep > Infant & child sleep > Baby monitors,3
Health & Wellness > Mental Health > Anxiety & mood > Generalized anxiety,3
Health & Wellness > Mental Health > Anxiety & mood > Social anxiety,3
Health & Wellness > Mental Health > Anxiety & mood > Performance anxiety,3
Health & Wellness > Mental Health > Anxiety & mood > OCD,4
Health & Wellness > Mental Health > Anxiety & mood > Major depression,3
Health & Wellness > Mental Health > Anxiety & mood > Perinatal depression,4
Health & Wellness > Mental Health > Stress & burnout > Burnout,3
Health & Wellness > Mental Health > Stress & burnout > Workplace stress,3
Health & Wellness > Mental Health > Stress & burnout > Stress-management programs,3
Health & Wellness > Mental Health > Stress & burnout > Manager mental-health training,3
Health & Wellness > Mental Health > Therapy access > Individual therapy,3
Health & Wellness > Mental Health > Therapy access > Couples therapy,4
Health & Wellness > Mental Health > Therapy access > Family therapy,3
Health & Wellness > Mental Health > Therapy access > Online therapy,4
Health & Wellness > Mental Health > Therapy access > Therapist matching,4
Health & Wellness > Mental Health > Trauma & PTSD > PTSD,4
Health & Wellness > Mental Health > Trauma & PTSD > Complex trauma,3
Health & Wellness > Mental Health > Trauma & PTSD > Abuse recovery,3
Health & Wellness > Mental Health > Trauma & PTSD > Domestic-violence support,3
Health & Wellness > Mental Health > Addiction recovery > Alcohol moderation,4
Health & Wellness > Mental Health > Addiction recovery > Gambling addiction,4
Health & Wellness > Mental Health > Addiction recovery > Opioid recovery,4
Health & Wellness > Mental Health > Addiction recovery > Vaping cessation,4
Health & Wellness > Mental Health > Addiction recovery > Recovery communities,3
Health & Wellness > Mental Health > Digital mental health > Mental-health apps,3
Health & Wellness > Mental Health > Digital mental health > Digital therapeutics,3
Health & Wellness > Mental Health > Digital mental health > AI mental-health companions,4
Health & Wellness > Mental Health > Digital mental health > Peer-support communities,3
Health & Wellness > Mental Health > Acute & advanced care > Crisis & suicide prevention,3
Health & Wellness > Mental Health > Acute & advanced care > Serious mental illness,4
Health & Wellness > Mental Health > Acute & advanced care > Psychedelic-assisted therapy,3
Health & Wellness > Mental Health > Acute & advanced care > Ketamine & TMS clinics,4
Health & Wellness > Mental Health > Population-focused care > Men's mental health,4
Health & Wellness > Mental Health > Population-focused care > Youth mental health,5
Health & Wellness > Mental Health > Population-focused care > LGBTQ+ affirmative therapy,3
Health & Wellness > Mental Health > Population-focused care > Culturally responsive therapy,4
Health & Wellness > Mental Health > Population-focused care > Faith-based counseling,3
Health & Wellness > Sexual & Reproductive Health > Fertility & family building > IVF & fertility clinics,4
Health & Wellness > Sexual & Reproductive Health > Fertility & family building > Egg freezing,4
Health & Wellness > Sexual & Reproductive Health > Fertility & family building > Male fertility,4
Health & Wellness > Sexual & Reproductive Health > Fertility & family building > Donor & surrogacy,3
Health & Wellness > Sexual & Reproductive Health > Fertility & family building > Fertility benefits,4
Health & Wellness > Sexual & Reproductive Health > Pregnancy & postpartum > Prenatal care,4
Health & Wellness > Sexual & Reproductive Health > Pregnancy & postpartum > Doulas & birth support,4
Health & Wellness > Sexual & Reproductive Health > Pregnancy & postpartum > Postpartum recovery,5
Health & Wellness > Sexual & Reproductive Health > Pregnancy & postpartum > Pregnancy-loss support,3
Health & Wellness > Sexual & Reproductive Health > Pregnancy & postpartum > Lactation support,4
Health & Wellness > Sexual & Reproductive Health > Contraception > Birth-control telehealth,4
Health & Wellness > Sexual & Reproductive Health > Contraception > Vasectomy,3
Health & Wellness > Sexual & Reproductive Health > Contraception > Male contraception,3
Health & Wellness > Sexual & Reproductive Health > Contraception > OTC birth control,4
Health & Wellness > Sexual & Reproductive Health > Sexual health services > STI testing,4
Health & Wellness > Sexual & Reproductive Health > Sexual health services > PrEP access,4
Health & Wellness > Sexual & Reproductive Health > Sexual health services > Erectile dysfunction,3
Health & Wellness > Sexual & Reproductive Health > Sexual health services > Low libido,3
Health & Wellness > Sexual & Reproductive Health > Sexual wellness > Sex tech & devices,3
Health & Wellness > Sexual & Reproductive Health > Sexual wellness > Sex education platforms,3
Health & Wellness > Sexual & Reproductive Health > Sexual wellness > Sexual wellness apps,3
Health & Wellness > Sexual & Reproductive Health > Sexual wellness > Intimate care products,3
Health & Wellness > Aging & Longevity > Healthy aging > Senior mobility,3
Health & Wellness > Aging & Longevity > Healthy aging > Cognitive fitness,3
Health & Wellness > Aging & Longevity > Healthy aging > Sarcopenia programs,4
Health & Wellness > Aging & Longevity > Healthy aging > Healthy-aging coaching,3
Health & Wellness > Aging & Longevity > Longevity medicine > Longevity clinics,4
Health & Wellness > Aging & Longevity > Longevity medicine > Longevity telehealth,4
Health & Wellness > Aging & Longevity > Longevity medicine > Biomarker tracking,4
Health & Wellness > Aging & Longevity > Longevity medicine > Healthspan programs,3
Health & Wellness > Aging & Longevity > Biohacking > Longevity data dashboards,4
Health & Wellness > Aging & Longevity > Biohacking > Smart rings,4
Health & Wellness > Aging & Longevity > Biohacking > Recovery wearables,4
Health & Wellness > Aging & Longevity > Biohacking > Quantified-self communities,3
Health & Wellness > Aging & Longevity > Age tech > Fall detection,4
Health & Wellness > Aging & Longevity > Age tech > Passive home monitoring,5
Health & Wellness > Aging & Longevity > Age tech > Aging in place,4
Health & Wellness > Aging & Longevity > Age tech > Senior-friendly devices,3
Health & Wellness > Aging & Longevity > Age tech > Senior tech support,3
Health & Wellness > Aging & Longevity > Age tech > Solo aging,3
Health & Wellness > Aging & Longevity > Age tech > Senior social connection,3
Health & Wellness > Aging & Longevity > Caregiving > Care coordination,5
Health & Wellness > Aging & Longevity > Caregiving > Respite care,3
Health & Wellness > Aging & Longevity > Caregiving > Family caregiver support,5
Health & Wellness > Aging & Longevity > Caregiving > Paid family caregiving,5
Health & Wellness > Aging & Longevity > Caregiving > Caregiver marketplaces,4
Health & Wellness > Aging & Longevity > Caregiving > Home care agencies,4
Health & Wellness > Aging & Longevity > Senior living > Senior living search,3
Health & Wellness > Aging & Longevity > Senior living > Senior home-sharing,3
Health & Wellness > Aging & Longevity > Senior living > Senior-living operator software,4
Health & Wellness > Aging & Longevity > Senior living > Senior-living financing,3
Care & Conditions > Chronic Conditions > Diabetes > Type 1,3
Care & Conditions > Chronic Conditions > Diabetes > Type 2,4
Care & Conditions > Chronic Conditions > Diabetes > Prediabetes,4
Care & Conditions > Chronic Conditions > Diabetes > Glucose management,3
Care & Conditions > Chronic Conditions > Cardiometabolic disease > Hypertension,4
Care & Conditions > Chronic Conditions > Cardiometabolic disease > High cholesterol,3
Care & Conditions > Chronic Conditions > Cardiometabolic disease > Heart disease,3
Care & Conditions > Chronic Conditions > Cardiometabolic disease > Kidney disease,4
Care & Conditions > Chronic Conditions > Cardiometabolic disease > Fatty liver disease,4
Care & Conditions > Chronic Conditions > Autoimmune disease > Rheumatoid arthritis,3
Care & Conditions > Chronic Conditions > Autoimmune disease > Hashimoto's,3
Care & Conditions > Chronic Conditions > Autoimmune disease > Autoimmune virtual care,3
Care & Conditions > Chronic Conditions > Autoimmune disease > Autoimmune diet programs,3
Care & Conditions > Chronic Conditions > Digestive health > IBS,4
Care & Conditions > Chronic Conditions > Digestive health > IBD,3
Care & Conditions > Chronic Conditions > Digestive health > Food intolerances,3
Care & Conditions > Chronic Conditions > Digestive health > Gut-brain therapy apps,3
Care & Conditions > Chronic Conditions > Respiratory & allergy > Asthma,3
Care & Conditions > Chronic Conditions > Respiratory & allergy > COPD,3
Care & Conditions > Chronic Conditions > Respiratory & allergy > Food allergies,4
Care & Conditions > Chronic Conditions > Respiratory & allergy > Allergy immunotherapy,4
Care & Conditions > Chronic Conditions > Oncology > Cancer navigation,5
Care & Conditions > Chronic Conditions > Oncology > Survivorship support,4
Care & Conditions > Chronic Conditions > Oncology > Breast cancer support,3
Care & Conditions > Chronic Conditions > Oncology > Prostate cancer support,3
Care & Conditions > Chronic Conditions > Complex & rare illness > Long COVID,3
Care & Conditions > Chronic Conditions > Complex & rare illness > ME/CFS,3
Care & Conditions > Chronic Conditions > Complex & rare illness > POTS & dysautonomia,3
Care & Conditions > Chronic Conditions > Complex & rare illness > Rare-disease diagnostics,4
Care & Conditions > Chronic Conditions > Complex & rare illness > Rare-disease communities,3
"Care & Conditions > Pain & Musculoskeletal > Joint, bone & foot health > Osteoarthritis",3
"Care & Conditions > Pain & Musculoskeletal > Joint, bone & foot health > Joint replacement navigation",4
"Care & Conditions > Pain & Musculoskeletal > Joint, bone & foot health > Osteoporosis",3
"Care & Conditions > Pain & Musculoskeletal > Joint, bone & foot health > Custom orthotics",3
"Care & Conditions > Pain & Musculoskeletal > Joint, bone & foot health > Podiatry telehealth",3
"Care & Conditions > Pain & Musculoskeletal > Joint, bone & foot health > Diabetic foot care",4
"Care & Conditions > Pain & Musculoskeletal > Joint, bone & foot health > Orthopedic bracing",3
Care & Conditions > Pain & Musculoskeletal > Physical rehabilitation > Prehab,4
Care & Conditions > Pain & Musculoskeletal > Physical rehabilitation > Post-surgical rehab,4
Care & Conditions > Pain & Musculoskeletal > Physical rehabilitation > Sports rehab,3
Care & Conditions > Pain & Musculoskeletal > Physical rehabilitation > Occupational rehab,3
Care & Conditions > Pain & Musculoskeletal > Physical rehabilitation > Home rehab equipment,3
Care & Conditions > Pain & Musculoskeletal > Digital MSK > Virtual physical therapy,5
Care & Conditions > Pain & Musculoskeletal > Digital MSK > Motion-tracking apps,4
Care & Conditions > Pain & Musculoskeletal > Digital MSK > MSK care navigation,4
Care & Conditions > Pain & Musculoskeletal > Digital MSK > Remote therapeutic monitoring,4
Care & Conditions > Pain & Musculoskeletal > Digital MSK > Employer MSK programs,4
Care & Conditions > Pain & Musculoskeletal > Chronic pain > Non-opioid pain programs,4
Care & Conditions > Pain & Musculoskeletal > Chronic pain > Pain psychology,4
Care & Conditions > Pain & Musculoskeletal > Chronic pain > Fibromyalgia care,3
Care & Conditions > Pain & Musculoskeletal > Chronic pain > Interventional pain clinics,3
Care & Conditions > Pain & Musculoskeletal > Chronic pain > Neuromodulation devices,4
Care & Conditions > Pain & Musculoskeletal > Chronic pain > Lower back pain,3
Care & Conditions > Pain & Musculoskeletal > Ergonomics > Workplace injury prevention,4
Care & Conditions > Pain & Musculoskeletal > Ergonomics > Ergonomic assessments,3
Care & Conditions > Pain & Musculoskeletal > Ergonomics > Ergonomic equipment,3
Care & Conditions > Pain & Musculoskeletal > Ergonomics > Industrial exoskeletons,4
Care & Conditions > Brain & Neurological Health > Neurodivergence > ADHD,4
Care & Conditions > Brain & Neurological Health > Neurodivergence > Autism,4
Care & Conditions > Brain & Neurological Health > Neurodivergence > Dyslexia & learning differences,4
Care & Conditions > Brain & Neurological Health > Neurodivergence > Late diagnosis,4
Care & Conditions > Brain & Neurological Health > Neurodivergence > ADHD medication access,4
Care & Conditions > Brain & Neurological Health > Neurodivergence > Executive-function coaching,4
Care & Conditions > Brain & Neurological Health > Dementia & cognitive decline > Cognitive assessments,4
Care & Conditions > Brain & Neurological Health > Dementia & cognitive decline > Blood-based Alzheimer's tests,4
Care & Conditions > Brain & Neurological Health > Dementia & cognitive decline > Anti-amyloid therapy navigation,3
Care & Conditions > Brain & Neurological Health > Dementia & cognitive decline > Dementia care navigation,5
Care & Conditions > Brain & Neurological Health > Dementia & cognitive decline > Dementia caregiver training,3
Care & Conditions > Brain & Neurological Health > Dementia & cognitive decline > Memory care,3
Care & Conditions > Brain & Neurological Health > Dementia & cognitive decline > Brain-health clinics,3
Care & Conditions > Brain & Neurological Health > Neurological conditions > Migraine & headache,4
Care & Conditions > Brain & Neurological Health > Neurological conditions > Epilepsy,3
Care & Conditions > Brain & Neurological Health > Neurological conditions > Parkinson's,3
Care & Conditions > Brain & Neurological Health > Neurological conditions > Neuropathy,3
Care & Conditions > Brain & Neurological Health > Neurological conditions > Concussion & TBI,3
Care & Conditions > Brain & Neurological Health > Neurological conditions > Stroke recovery,4
Care & Conditions > Brain & Neurological Health > Neurological conditions > Neurorehabilitation tech,4
Care & Conditions > Brain & Neurological Health > Consumer neurotech > EEG headbands,3
Care & Conditions > Brain & Neurological Health > Consumer neurotech > Neurofeedback,3
Care & Conditions > Brain & Neurological Health > Consumer neurotech > Vagus-nerve stimulation devices,3
Care & Conditions > Brain & Neurological Health > Consumer neurotech > Brain-stimulation headsets,3
Care & Conditions > Specialty Care > Dental & oral health > Teledentistry,3
Care & Conditions > Specialty Care > Dental & oral health > Clear aligners,3
Care & Conditions > Specialty Care > Dental & oral health > Dental membership plans,4
Care & Conditions > Specialty Care > Dental & oral health > Dental AI imaging,4
Care & Conditions > Specialty Care > Vision > Online eye exams,3
Care & Conditions > Specialty Care > Vision > DTC eyewear,3
Care & Conditions > Specialty Care > Vision > Myopia control,4
Care & Conditions > Specialty Care > Vision > Low-vision tech,3
Care & Conditions > Specialty Care > Hearing > OTC hearing aids,4
Care & Conditions > Specialty Care > Hearing > Online hearing tests,3
Care & Conditions > Specialty Care > Hearing > Tinnitus management,3
Care & Conditions > Specialty Care > Hearing > Hearing protection,3
Care & Conditions > Specialty Care > Dermatology > Teledermatology,4
Care & Conditions > Specialty Care > Dermatology > Acne & eczema care,4
Care & Conditions > Specialty Care > Dermatology > Psoriasis & rosacea,3
Care & Conditions > Specialty Care > Dermatology > Hair loss,4
Care & Conditions > Specialty Care > Medical aesthetics > Med spas,4
Care & Conditions > Specialty Care > Medical aesthetics > Injectables,3
Care & Conditions > Specialty Care > Medical aesthetics > Laser & energy devices,3
Care & Conditions > Specialty Care > Medical aesthetics > Med-spa software,3
Care & Conditions > Population-Specific Care > Women's health > Menopause & perimenopause,5
Care & Conditions > Population-Specific Care > Women's health > PCOS,4
Care & Conditions > Population-Specific Care > Women's health > Endometriosis,4
Care & Conditions > Population-Specific Care > Women's health > PMS & PMDD,3
Care & Conditions > Population-Specific Care > Women's health > Pelvic floor & incontinence,4
Care & Conditions > Population-Specific Care > Women's health > Pelvic pain,3
Care & Conditions > Population-Specific Care > Women's health > Menstrual health,3
Care & Conditions > Population-Specific Care > Women's health > Women's health devices,4
Care & Conditions > Population-Specific Care > Men's health > Men's telehealth,4
Care & Conditions > Population-Specific Care > Men's health > Men's preventive care,3
Care & Conditions > Population-Specific Care > Men's health > Testosterone therapy,3
Care & Conditions > Population-Specific Care > Men's health > Prostate care,3
Care & Conditions > Population-Specific Care > Men's health > Male pelvic health,3
Care & Conditions > Population-Specific Care > Children's health > Pediatric telehealth,4
Care & Conditions > Population-Specific Care > Children's health > Kids' urgent care,3
Care & Conditions > Population-Specific Care > Children's health > Pediatric specialty access,4
Care & Conditions > Population-Specific Care > Children's health > Adolescent health,4
Care & Conditions > Population-Specific Care > Children's health > School health,3
Care & Conditions > Population-Specific Care > Children's health > Early intervention,4
Care & Conditions > Population-Specific Care > LGBTQ+ health > LGBTQ+ primary care,4
Care & Conditions > Population-Specific Care > LGBTQ+ health > HRT access,4
Care & Conditions > Population-Specific Care > LGBTQ+ health > Gender-affirming care navigation,3
Care & Conditions > Population-Specific Care > LGBTQ+ health > LGBTQ+ family-building navigation,3
Care & Conditions > Population-Specific Care > Veterans' health > VA care navigation,3
Care & Conditions > Population-Specific Care > Veterans' health > Disability claims support,4
Care & Conditions > Population-Specific Care > Veterans' health > Veteran PTSD programs,3
Care & Conditions > Population-Specific Care > Veterans' health > Veteran peer support,3
Care & Conditions > Population-Specific Care > Veterans' health > Military-family care,3
Care & Conditions > Population-Specific Care > Rural & underserved care > Rural telehealth,3
Care & Conditions > Population-Specific Care > Rural & underserved care > Mobile clinics,3
Care & Conditions > Population-Specific Care > Rural & underserved care > Community health workers,4
Care & Conditions > Population-Specific Care > Rural & underserved care > Medical interpretation,4
Care & Conditions > Population-Specific Care > Rural & underserved care > Rural hospital operations,4
Care & Conditions > Care Delivery > Primary & urgent care > Tech-enabled primary care,4
Care & Conditions > Care Delivery > Primary & urgent care > Membership primary care,4
Care & Conditions > Care Delivery > Primary & urgent care > Senior-focused primary care,3
Care & Conditions > Care Delivery > Primary & urgent care > AI health assistants,5
Care & Conditions > Care Delivery > Primary & urgent care > Urgent care,3
Care & Conditions > Care Delivery > Primary & urgent care > Specialist e-consults,4
Care & Conditions > Care Delivery > Home & virtual care > Home healthcare,4
Care & Conditions > Care Delivery > Home & virtual care > Hospital at home,4
Care & Conditions > Care Delivery > Home & virtual care > Home infusion,3
Care & Conditions > Care Delivery > Home & virtual care > Mobile phlebotomy & imaging,4
Care & Conditions > Care Delivery > Home & virtual care > Remote patient monitoring,4
Care & Conditions > Care Delivery > Pharmacy > Online pharmacy,3
Care & Conditions > Care Delivery > Pharmacy > Rx price transparency,4
Care & Conditions > Care Delivery > Pharmacy > Specialty pharmacy,3
Care & Conditions > Care Delivery > Pharmacy > Medication adherence,3
Care & Conditions > Care Delivery > Pharmacy > Pharmacist clinical services,3
Care & Conditions > Care Delivery > Patient navigation > Patient advocacy,4
Care & Conditions > Care Delivery > Patient navigation > Employer health navigation,4
Care & Conditions > Care Delivery > Patient navigation > Price comparison tools,3
Care & Conditions > Care Delivery > Patient navigation > Medical bill negotiation,4
Care & Conditions > Care Delivery > Patient navigation > Second opinions,3
Care & Conditions > Care Delivery > Patient navigation > Cash-pay surgery,4
Care & Conditions > Health Technology > Clinical AI > Ambient AI scribes,5
Care & Conditions > Health Technology > Clinical AI > Clinical decision support,5
Care & Conditions > Health Technology > Clinical AI > AI imaging diagnostics,4
Care & Conditions > Health Technology > Clinical AI > AI pathology,4
Care & Conditions > Health Technology > Clinical AI > Patient-message triage AI,4
Care & Conditions > Health Technology > Care operations > Patient intake & scheduling,4
Care & Conditions > Health Technology > Care operations > Patient engagement,3
Care & Conditions > Health Technology > Care operations > Telehealth infrastructure,3
Care & Conditions > Health Technology > Care operations > Hospital operations,4
Care & Conditions > Health Technology > Care operations > Care-team collaboration,3
Care & Conditions > Health Technology > Care operations > EMS tech,3
Care & Conditions > Health Technology > Revenue cycle & payer > Revenue-cycle automation,5
Care & Conditions > Health Technology > Revenue cycle & payer > Medical coding AI,5
Care & Conditions > Health Technology > Revenue cycle & payer > Prior authorization,5
Care & Conditions > Health Technology > Revenue cycle & payer > Claims integrity,4
Care & Conditions > Health Technology > Revenue cycle & payer > Risk adjustment,4
Care & Conditions > Health Technology > Revenue cycle & payer > Value-based care enablement,4
Care & Conditions > Health Technology > Health data infrastructure > Interoperability,4
Care & Conditions > Health Technology > Health data infrastructure > Healthcare APIs,4
Care & Conditions > Health Technology > Health data infrastructure > Health data platforms,4
Care & Conditions > Health Technology > Health data infrastructure > Data de-identification,3
Care & Conditions > Health Technology > Health data infrastructure > Healthcare cybersecurity,4
Care & Conditions > Health Technology > Health data infrastructure > Personal health records,3
Care & Conditions > Health Technology > Medical devices > Consumer health wearables,3
Care & Conditions > Health Technology > Medical devices > Diagnostic devices,3
Care & Conditions > Health Technology > Medical devices > SaMD,3
Care & Conditions > Health Technology > Medical devices > Implantables,4
Care & Conditions > Health Technology > Medical devices > Surgical robotics,3
Care & Conditions > Health Technology > Medical devices > Device quality & regulatory software,4
Care & Conditions > Health Technology > Healthcare workforce > Staffing marketplaces,4
Care & Conditions > Health Technology > Healthcare workforce > Nurse scheduling,4
Care & Conditions > Health Technology > Healthcare workforce > Clinician credentialing,4
Care & Conditions > Health Technology > Healthcare workforce > Continuing medical education,3
Care & Conditions > Health Technology > Life-science commercial tech > Pharma CRM,3
Care & Conditions > Health Technology > Life-science commercial tech > HCP engagement,4
Care & Conditions > Health Technology > Life-science commercial tech > Patient support programs,4
Care & Conditions > Health Technology > Life-science commercial tech > Pharmacovigilance AI,4
Care & Conditions > Integrative Medicine > Manual therapies > Acupuncture,3
Care & Conditions > Integrative Medicine > Manual therapies > Chiropractic,3
Care & Conditions > Integrative Medicine > Manual therapies > Massage & bodywork,3
Care & Conditions > Integrative Medicine > Manual therapies > On-demand massage,3
Care & Conditions > Integrative Medicine > Integrative clinics > Functional medicine,3
Care & Conditions > Integrative Medicine > Integrative clinics > Integrative primary care,3
Care & Conditions > Integrative Medicine > Integrative clinics > Integrative oncology,3
Care & Conditions > Integrative Medicine > Integrative clinics > Integrative health coaching,3
Care & Conditions > Integrative Medicine > Integrative clinics > Yoga therapy,3
Care & Conditions > Integrative Medicine > Practitioner tools > Practice-management software,4
Care & Conditions > Integrative Medicine > Practitioner tools > Practitioner certification,3
Care & Conditions > Integrative Medicine > Practitioner tools > Practitioner marketplaces,3
Care & Conditions > Integrative Medicine > Practitioner tools > Practitioner-grade supplements,4
Wealth > Money Management > Budgeting > Household budgeting,3
Wealth > Money Management > Budgeting > Expense tracking,3
Wealth > Money Management > Budgeting > AI money coaches,4
Wealth > Money Management > Budgeting > Money coaching,3
Wealth > Money Management > Saving > High-yield savings,3
Wealth > Money Management > Saving > Kids' savings,3
Wealth > Money Management > Saving > Child investment accounts,4
Wealth > Money Management > Saving > College savings,3
Wealth > Money Management > Debt management > Credit-card debt,3
Wealth > Money Management > Debt management > Student loans,3
Wealth > Money Management > Debt management > Personal loans,3
Wealth > Money Management > Debt management > Debt consolidation,3
Wealth > Money Management > Credit > Credit building,4
Wealth > Money Management > Credit > Credit cards,3
Wealth > Money Management > Credit > Rewards optimization,3
Wealth > Money Management > Credit > Cross-border credit history,3
Wealth > Money Management > Financial wellness > Youth financial education,3
Wealth > Money Management > Financial wellness > First-generation guidance,3
Wealth > Money Management > Financial wellness > Workplace financial wellness,4
Wealth > Money Management > Financial wellness > Financial therapy,3
Wealth > Money Management > Life-event finance > Widowhood finance,3
Wealth > Money Management > Life-event finance > Windfall management,3
Wealth > Money Management > Life-event finance > Couples' finances,3
Wealth > Money Management > Life-event finance > New-parent finances,3
Wealth > Money Management > Gig & creator finance > Tax withholding tools,4
Wealth > Money Management > Gig & creator finance > Portable benefits,4
Wealth > Money Management > Gig & creator finance > Income smoothing,3
Wealth > Money Management > Gig & creator finance > Gig-worker retirement,3
Wealth > Banking & Payments > Digital banking > Neobanks,3
Wealth > Banking & Payments > Digital banking > Teen & family banking,4
Wealth > Banking & Payments > Digital banking > Freelancer banking,4
Wealth > Banking & Payments > Digital banking > Senior banking,3
Wealth > Banking & Payments > Digital banking > Immigrant banking,4
Wealth > Banking & Payments > Consumer payments > Pay by bank,4
Wealth > Banking & Payments > Consumer payments > Bill pay,3
Wealth > Banking & Payments > Consumer payments > Subscription management,3
Wealth > Banking & Payments > Consumer payments > Stablecoin payments,5
Wealth > Banking & Payments > Cross-border money > Remittances,4
Wealth > Banking & Payments > Cross-border money > Multi-currency accounts,3
Wealth > Banking & Payments > Cross-border money > Cross-border bill pay,3
Wealth > Banking & Payments > Cross-border money > Travel money & FX cards,3
Wealth > Banking & Payments > Cross-border money > Diaspora investing,3
Wealth > Banking & Payments > Consumer lending > Buy now pay later,3
Wealth > Banking & Payments > Consumer lending > Earned wage access,4
Wealth > Banking & Payments > Consumer lending > Small-dollar loans,3
Wealth > Banking & Payments > Consumer lending > Credit-builder loans,3
Wealth > Banking & Payments > Consumer lending > Medical financing,4
Wealth > Banking & Payments > Islamic finance > Sharia-compliant banking,3
Wealth > Banking & Payments > Islamic finance > Halal investing,4
Wealth > Banking & Payments > Islamic finance > Islamic home finance,3
Wealth > Banking & Payments > Islamic finance > Sharia-compliant BNPL,3
Wealth > Banking & Payments > Islamic finance > Zakat & sadaqah apps,3
Wealth > Banking & Payments > Financial inclusion > Community finance,3
Wealth > Banking & Payments > Financial inclusion > Unbanked onboarding,3
Wealth > Banking & Payments > Financial inclusion > Alternative credit data,4
Wealth > Banking & Payments > Financial inclusion > Cash-access networks,3
Wealth > Investing & Trading > Investing tools > Direct indexing,3
Wealth > Investing & Trading > Investing tools > AI investing copilots,4
Wealth > Investing & Trading > Investing tools > AI trading tools,3
Wealth > Investing & Trading > Investing tools > Investment research tools,3
Wealth > Investing & Trading > Alternative investments > Private credit,3
Wealth > Investing & Trading > Alternative investments > Collectible assets,3
Wealth > Investing & Trading > Alternative investments > Private-market access,4
Wealth > Investing & Trading > Alternative investments > Royalty investing,3
Wealth > Investing & Trading > Digital assets > Crypto exchanges & wallets,3
Wealth > Investing & Trading > Digital assets > Stablecoins,5
Wealth > Investing & Trading > Digital assets > DeFi & staking,3
Wealth > Investing & Trading > Digital assets > Tokenized real-world assets,4
Wealth > Housing & Real Estate > Home financing > Mortgages,3
Wealth > Housing & Real Estate > Home financing > First-time buyer programs,3
Wealth > Housing & Real Estate > Home financing > Down-payment assistance,4
Wealth > Housing & Real Estate > Home financing > Rent-to-own,3
Wealth > Housing & Real Estate > Home financing > Equity release,3
Wealth > Housing & Real Estate > Home financing > Home-equity investments,4
Wealth > Housing & Real Estate > Home financing > Home-equity tracking,3
Wealth > Housing & Real Estate > Renting > Rent reporting,3
Wealth > Housing & Real Estate > Renting > Landlord-tenant disputes,3
Wealth > Housing & Real Estate > Renting > Renter services,3
Wealth > Housing & Real Estate > Renting > Deposit alternatives,4
Wealth > Housing & Real Estate > Real estate investing > Rental properties,3
Wealth > Housing & Real Estate > Real estate investing > Short-term rentals,3
Wealth > Housing & Real Estate > Real estate investing > Fractional ownership,3
Wealth > Housing & Real Estate > Real estate investing > Deal-analysis tools,3
Wealth > Retirement & Wealth Planning > Retirement planning > Retirement income,4
Wealth > Retirement & Wealth Planning > Retirement planning > Social Security planning,3
Wealth > Retirement & Wealth Planning > Retirement planning > IRAs & 401(k)s,3
Wealth > Retirement & Wealth Planning > Retirement planning > Small-business retirement plans,5
Wealth > Retirement & Wealth Planning > Wealth management > Advisor tech,5
Wealth > Retirement & Wealth Planning > Wealth management > Family offices,3
Wealth > Retirement & Wealth Planning > Wealth management > AI financial advisors,4
Wealth > Retirement & Wealth Planning > Wealth management > Philanthropy & DAFs,3
Wealth > Retirement & Wealth Planning > Estate planning > Wills,4
Wealth > Retirement & Wealth Planning > Estate planning > Trusts,3
Wealth > Retirement & Wealth Planning > Estate planning > Inheritance planning,3
Wealth > Retirement & Wealth Planning > Estate planning > Digital estates,3
Wealth > Insurance > Health & benefits > Individual plans,3
Wealth > Insurance > Health & benefits > Employer plans,3
Wealth > Insurance > Health & benefits > HSAs,3
Wealth > Insurance > Health & benefits > ICHRA,5
Wealth > Insurance > Property & casualty > Home insurance,4
Wealth > Insurance > Property & casualty > Commercial property insurance,3
Wealth > Insurance > Property & casualty > Auto insurance,3
Wealth > Insurance > Property & casualty > High-risk home insurance,4
Wealth > Insurance > Specialty lines > Disability insurance,3
Wealth > Insurance > Specialty lines > Long-term care insurance,3
Wealth > Insurance > Specialty lines > Pet insurance,3
Wealth > Insurance > Specialty lines > Small-business insurance,4
Wealth > Insurance > Specialty lines > Crop insurance,3
Wealth > Insurance > Specialty lines > Cyber insurance,4
Wealth > Insurance > Insurtech > Digital insurers,3
Wealth > Insurance > Insurtech > Embedded insurance,5
Wealth > Insurance > Insurtech > Usage-based insurance,3
Wealth > Insurance > Insurtech > Parametric insurance,4
Wealth > Tax & Legal > Tax planning > Individual tax,3
Wealth > Tax & Legal > Tax planning > Small-business tax,4
Wealth > Tax & Legal > Tax planning > Tax-loss harvesting,3
Wealth > Tax & Legal > Tax planning > International & expat tax,3
Wealth > Tax & Legal > Tax planning > Crypto tax,3
Wealth > Tax & Legal > Tax preparation > AI tax prep,5
Wealth > Tax & Legal > Tax preparation > Tax-pro marketplaces,3
Wealth > Tax & Legal > Tax preparation > Tax-credit finders,4
Wealth > Tax & Legal > Tax preparation > Tax resolution,3
Wealth > Tax & Legal > Consumer legal services > Legal marketplaces,3
Wealth > Tax & Legal > Consumer legal services > AI legal assistants,5
Wealth > Tax & Legal > Consumer legal services > Small claims & disputes,3
Wealth > Tax & Legal > Consumer legal services > Compensation claims,3
Wealth > Tax & Legal > Consumer legal services > Online notarization,3
Wealth > Tax & Legal > Family & elder law > Powers of attorney,3
Wealth > Tax & Legal > Family & elder law > Guardianship & conservatorship,3
Wealth > Tax & Legal > Family & elder law > Elder law services,3
Wealth > Tax & Legal > Family & elder law > Special-needs trusts,3
Wealth > Tax & Legal > Immigration services > Visa applications,4
Wealth > Tax & Legal > Immigration services > Green cards,3
Wealth > Tax & Legal > Immigration services > Citizenship,3
Wealth > Tax & Legal > Immigration services > Immigration case tracking,3
Wealth > Tax & Legal > Immigration services > Employer immigration,4
Wealth > Entrepreneurship > Starting a business > Idea validation,3
Wealth > Entrepreneurship > Starting a business > Market research,3
Wealth > Entrepreneurship > Starting a business > Business formation,3
Wealth > Entrepreneurship > Starting a business > Brand identity tools,3
Wealth > Entrepreneurship > Acquisition entrepreneurship > Search funds,3
Wealth > Entrepreneurship > Acquisition entrepreneurship > Business-for-sale marketplaces,4
Wealth > Entrepreneurship > Acquisition entrepreneurship > SBA acquisition loans,3
Wealth > Entrepreneurship > Acquisition entrepreneurship > Small-business roll-ups,3
Wealth > Entrepreneurship > Small business > Local services,3
Wealth > Entrepreneurship > Small business > Franchises,3
Wealth > Entrepreneurship > Small business > Skilled-trades businesses,5
Wealth > Entrepreneurship > Small business > Franchise brokers,3
Wealth > Entrepreneurship > Online business > E-commerce,3
Wealth > Entrepreneurship > Online business > SaaS,4
Wealth > Entrepreneurship > Online business > Digital products,3
Wealth > Entrepreneurship > Online business > Memberships,3
Wealth > Entrepreneurship > Online business > Online courses,3
Wealth > Entrepreneurship > Creator economy > Podcasting,3
Wealth > Entrepreneurship > Creator economy > Newsletters,3
Wealth > Entrepreneurship > Creator economy > Influencer brands,3
Wealth > Entrepreneurship > Creator economy > AI virtual creators,4
Wealth > Entrepreneurship > Creator economy > Live & social commerce,4
Wealth > Entrepreneurship > Creator economy > Fan memberships,3
Wealth > Entrepreneurship > Freelancing & fractional > Consulting,3
Wealth > Entrepreneurship > Freelancing & fractional > Design,3
Wealth > Entrepreneurship > Freelancing & fractional > Programming,3
Wealth > Entrepreneurship > Freelancing & fractional > Marketing services,3
Wealth > Entrepreneurship > Freelancing & fractional > Fractional executives,4
Wealth > Entrepreneurship > Agencies > Digital marketing,3
Wealth > Entrepreneurship > Agencies > Web development,3
Wealth > Entrepreneurship > Agencies > AI automation agencies,5
Wealth > Entrepreneurship > Agencies > Content & video agencies,3
Wealth > Entrepreneurship > Solopreneurship > AI-leveraged solo businesses,5
Wealth > Entrepreneurship > Solopreneurship > Micro-SaaS,4
Wealth > Entrepreneurship > Solopreneurship > Productized services,4
Wealth > Entrepreneurship > Solopreneurship > Solo operator tools,4
Relationships > Dating > Dating apps & tools > Curated apps,4
Relationships > Dating > Dating apps & tools > Profile optimization,3
Relationships > Dating > Dating apps & tools > IRL-first dating apps,4
Relationships > Dating > Dating apps & tools > AI profile writing,4
Relationships > Dating > Dating apps & tools > AI message coaching,4
Relationships > Dating > Dating apps & tools > AI matchmaking,4
"Relationships > Dating > Matchmaking, coaching & events > Professional matchmaking",4
"Relationships > Dating > Matchmaking, coaching & events > Niche matchmaking",3
"Relationships > Dating > Matchmaking, coaching & events > Speed dating",3
"Relationships > Dating > Matchmaking, coaching & events > Singles events",4
"Relationships > Dating > Matchmaking, coaching & events > Dating coaches",3
Relationships > Dating > Niche dating > Senior dating,4
Relationships > Dating > Niche dating > LGBTQ+ dating,3
Relationships > Dating > Niche dating > Single-parent dating,3
Relationships > Dating > Niche dating > Sober dating,3
Relationships > Dating > Niche dating > Dating with disability,3
Relationships > Dating > Niche dating > Faith-based dating,3
Relationships > Dating > Dating safety > Identity verification,4
Relationships > Dating > Dating safety > Background checks,3
Relationships > Dating > Dating safety > Date check-in apps,3
Relationships > Dating > Dating safety > Romance-scam protection,4
Relationships > Couples & Marriage > Premarital > Premarital counseling,3
Relationships > Couples & Marriage > Premarital > Premarital courses,3
Relationships > Couples & Marriage > Premarital > Faith-based marriage prep,3
Relationships > Couples & Marriage > Premarital > Prenups,4
Relationships > Couples & Marriage > Premarital > Cohabitation agreements,3
Relationships > Couples & Marriage > Relationship coaching > Couples apps,4
Relationships > Couples & Marriage > Relationship coaching > AI relationship coaching,4
Relationships > Couples & Marriage > Relationship coaching > Relationship check-in tools,3
Relationships > Couples & Marriage > Relationship coaching > Couples coaching,3
Relationships > Couples & Marriage > Relationship coaching > Relationship courses,3
Relationships > Couples & Marriage > Marriage enrichment > Date-night services,3
Relationships > Couples & Marriage > Marriage enrichment > Couples activities,3
Relationships > Couples & Marriage > Marriage enrichment > Relationship retreats,3
Relationships > Couples & Marriage > Marriage enrichment > Couples getaways,3
Relationships > Couples & Marriage > Long-distance relationships > LDR apps,3
Relationships > Couples & Marriage > Long-distance relationships > Shared-experience tools,3
Relationships > Couples & Marriage > Long-distance relationships > Military couples,3
Relationships > Couples & Marriage > Long-distance relationships > Long-distance gadgets,3
Relationships > Couples & Marriage > Relationship repair > Infidelity recovery,3
Relationships > Couples & Marriage > Relationship repair > Marriage intensives,3
Relationships > Couples & Marriage > Relationship repair > Couples programs in recovery,3
Relationships > Couples & Marriage > Relationship repair > Discernment counseling,3
Relationships > Couples & Marriage > Shared household > Household-task apps,3
Relationships > Couples & Marriage > Shared household > Shared calendars,3
Relationships > Couples & Marriage > Shared household > Mental-load tools,4
Relationships > Couples & Marriage > Shared household > Household managers,3
Relationships > Intimacy & Sexuality > Therapy & coaching > Sex therapists,3
Relationships > Intimacy & Sexuality > Therapy & coaching > Sex-therapy telehealth,4
Relationships > Intimacy & Sexuality > Therapy & coaching > Intimacy coaches,3
Relationships > Intimacy & Sexuality > Therapy & coaching > Sexual performance anxiety,3
Relationships > Intimacy & Sexuality > Couples intimacy & communication > Guided intimacy courses,3
Relationships > Intimacy & Sexuality > Couples intimacy & communication > Intimacy apps,3
Relationships > Intimacy & Sexuality > Couples intimacy & communication > Conversation card games,3
Relationships > Intimacy & Sexuality > Couples intimacy & communication > Desire-mismatch programs,3
Relationships > Intimacy & Sexuality > Couples intimacy & communication > Consent education,3
Relationships > Intimacy & Sexuality > Couples intimacy & communication > Trauma-informed intimacy programs,3
Relationships > Intimacy & Sexuality > Life-stage intimacy > Postpartum intimacy,3
Relationships > Intimacy & Sexuality > Life-stage intimacy > Midlife intimacy,3
Relationships > Intimacy & Sexuality > Life-stage intimacy > Intimacy after cancer,3
Relationships > Intimacy & Sexuality > Life-stage intimacy > Intimacy with illness & disability,3
Relationships > Breakups & Divorce > Divorce process > Divorce preparation,3
Relationships > Breakups & Divorce > Divorce process > Divorce coaching,3
Relationships > Breakups & Divorce > Divorce process > Divorce mediation,4
Relationships > Breakups & Divorce > Divorce process > Collaborative divorce,3
Relationships > Breakups & Divorce > Divorce process > Online divorce,4
Relationships > Breakups & Divorce > Divorce process > Divorce attorney matching,3
Relationships > Breakups & Divorce > Divorce finance > Asset-splitting tools,4
Relationships > Breakups & Divorce > Divorce finance > Financial transition planning,3
Relationships > Breakups & Divorce > Divorce finance > Divorce financial analysts,3
Relationships > Breakups & Divorce > Divorce finance > Retirement-account division,3
Relationships > Breakups & Divorce > Divorce finance > Marital home buyouts,3
Relationships > Breakups & Divorce > Co-parenting > Co-parenting apps,4
Relationships > Breakups & Divorce > Co-parenting > Custody scheduling,3
Relationships > Breakups & Divorce > Co-parenting > Co-parent expense sharing,3
Relationships > Breakups & Divorce > Co-parenting > Children's divorce support,3
Relationships > Breakups & Divorce > Safe separation > Safety planning apps,3
Relationships > Breakups & Divorce > Safe separation > Protective-order assistance,3
Relationships > Breakups & Divorce > Safe separation > Stalkerware detection,3
Relationships > Breakups & Divorce > Safe separation > Emergency housing search,3
Relationships > Breakups & Divorce > Rebuilding after separation > Post-divorce housing,3
Relationships > Breakups & Divorce > Rebuilding after separation > Name-change services,3
Relationships > Breakups & Divorce > Rebuilding after separation > Breakup coaching,3
Relationships > Breakups & Divorce > Rebuilding after separation > Divorce recovery communities,3
Relationships > Parenting & Family > Parenting support > Parent coaching,3
Relationships > Parenting & Family > Parenting support > Parenting courses,3
Relationships > Parenting & Family > Parenting support > Parenting communities,3
Relationships > Parenting & Family > Parenting support > Family organizers,4
Relationships > Parenting & Family > Parenting support > Chore & allowance apps,4
Relationships > Parenting & Family > Parenting support > Newborns,3
Relationships > Parenting & Family > Parenting support > Teens,3
Relationships > Parenting & Family > Child online safety > Parental controls,4
Relationships > Parenting & Family > Child online safety > Kids' phones,4
Relationships > Parenting & Family > Child online safety > Age verification,5
Relationships > Parenting & Family > Child online safety > Online-safety education,3
Relationships > Parenting & Family > Childcare > Childcare marketplaces,5
Relationships > Parenting & Family > Childcare > Nannies & babysitters,4
Relationships > Parenting & Family > Childcare > Nanny shares,4
Relationships > Parenting & Family > Childcare > Employer childcare,5
Relationships > Parenting & Family > Baby & kids products > Baby tech,4
Relationships > Parenting & Family > Baby & kids products > STEM toys,3
Relationships > Parenting & Family > Baby & kids products > Kids' activity booking,3
Relationships > Parenting & Family > Baby & kids products > Kids' clothing,3
Relationships > Parenting & Family > Family structures > Single parents,3
Relationships > Parenting & Family > Family structures > Adoption & foster care,3
Relationships > Parenting & Family > Family structures > Kinship care,3
Relationships > Parenting & Family > Family structures > Genealogy & family history,3
Relationships > Parenting & Family > Special-needs parenting > IEP & school advocacy,4
Relationships > Parenting & Family > Special-needs parenting > Therapy coordination,4
Relationships > Parenting & Family > Special-needs parenting > Special-needs parent communities,3
Relationships > Parenting & Family > Special-needs parenting > Adaptive camps & activities,3
Relationships > Friendship & Community > Making friends > Friendship apps,4
Relationships > Friendship & Community > Making friends > Parent friendship apps,3
Relationships > Friendship & Community > Making friends > Activity-partner apps,3
Relationships > Friendship & Community > Making friends > Friend-matching dinners,4
Relationships > Friendship & Community > Making friends > Newcomer networks,3
Relationships > Friendship & Community > Loneliness & connection > Third places,3
Relationships > Friendship & Community > Loneliness & connection > Community dinners,3
Relationships > Friendship & Community > Loneliness & connection > Social prescribing,3
Relationships > Friendship & Community > Loneliness & connection > Intergenerational programs,3
Relationships > Friendship & Community > Loneliness & connection > Friendly-visitor services,3
Relationships > Friendship & Community > Clubs & groups > Social clubs,3
Relationships > Friendship & Community > Clubs & groups > Alumni networks,3
Relationships > Friendship & Community > Clubs & groups > Expat & immigrant communities,3
Relationships > Friendship & Community > Clubs & groups > Supper clubs,3
Relationships > Friendship & Community > AI companions > Companion apps,4
Relationships > Friendship & Community > AI companions > Voice companions,3
Relationships > Friendship & Community > AI companions > Senior AI companions,4
Relationships > Friendship & Community > AI companions > Companion robots,3
Relationships > Friendship & Community > AI companions > Companion safety & age checks,4
Relationships > Friendship & Community > Community platforms > Community software,4
Relationships > Friendship & Community > Community platforms > Club membership management,4
Relationships > Friendship & Community > Community platforms > Social event apps,4
Relationships > Friendship & Community > Community platforms > Group discovery apps,3
Relationships > Social Skills > Communication & presence > Communication coaching,3
Relationships > Social Skills > Communication & presence > AI conversation roleplay,5
Relationships > Social Skills > Communication & presence > Workplace communication programs,4
Relationships > Social Skills > Communication & presence > Public speaking coaching,3
Relationships > Social Skills > Communication & presence > Speech feedback AI,4
Relationships > Social Skills > Communication & presence > Executive presence coaching,3
Relationships > Social Skills > Emotional intelligence > EQ assessments,3
Relationships > Social Skills > Emotional intelligence > EQ training,3
Relationships > Social Skills > Emotional intelligence > Conflict-resolution training,3
Relationships > Social Skills > Emotional intelligence > Empathy programs for kids,4
Relationships > Social Skills > Neurodivergent social skills > Social-skills groups,3
Relationships > Social Skills > Neurodivergent social skills > Workplace social coaching,3
Relationships > Social Skills > Neurodivergent social skills > Social-skills apps,3
Relationships > Social Skills > Neurodivergent social skills > School social-skills curricula,3
"Relationships > Death, Grief & Legacy > End-of-life planning > Advance directives",3
"Relationships > Death, Grief & Legacy > End-of-life planning > End-of-life planning apps",4
"Relationships > Death, Grief & Legacy > End-of-life planning > Funeral pre-planning",3
"Relationships > Death, Grief & Legacy > End-of-life planning > Death doulas",3
"Relationships > Death, Grief & Legacy > End-of-life planning > Hospice & palliative care",3
"Relationships > Death, Grief & Legacy > Funeral services > Direct cremation",4
"Relationships > Death, Grief & Legacy > Funeral services > Green burial",3
"Relationships > Death, Grief & Legacy > Funeral services > Alternative dispositions",3
"Relationships > Death, Grief & Legacy > Funeral services > Funeral price comparison",3
"Relationships > Death, Grief & Legacy > Funeral services > Funeral home software",4
"Relationships > Death, Grief & Legacy > Memorialization > Online memorials",3
"Relationships > Death, Grief & Legacy > Memorialization > Memorial keepsakes",3
"Relationships > Death, Grief & Legacy > Memorialization > AI memorial avatars",3
"Relationships > Death, Grief & Legacy > Memorialization > Memorial forests",3
"Relationships > Death, Grief & Legacy > Grief support > Grief counseling",3
"Relationships > Death, Grief & Legacy > Grief support > Grief apps",3
"Relationships > Death, Grief & Legacy > Grief support > Child grief programs",3
"Relationships > Death, Grief & Legacy > Grief support > Workplace bereavement support",4
"Relationships > Death, Grief & Legacy > Digital legacy > Account closure",4
"Relationships > Death, Grief & Legacy > Digital legacy > Digital estate vaults",3
"Relationships > Death, Grief & Legacy > Digital legacy > Crypto inheritance",3
"Relationships > Death, Grief & Legacy > Digital legacy > Legacy memoirs",3
"Relationships > Death, Grief & Legacy > After-death logistics > Death admin concierge",5
"Relationships > Death, Grief & Legacy > After-death logistics > Survivor benefits claims",4
"Relationships > Death, Grief & Legacy > After-death logistics > Probate navigation",4
"Relationships > Death, Grief & Legacy > After-death logistics > Estate cleanout",3
"Relationships > Death, Grief & Legacy > After-death logistics > Downsizing services",3
"Mind, Meaning & Growth > Contemplative Practice > Meditation & reflection > Meditation studios",3
"Mind, Meaning & Growth > Contemplative Practice > Meditation & reflection > Meditation retreats",3
"Mind, Meaning & Growth > Contemplative Practice > Meditation & reflection > Workplace mindfulness",3
"Mind, Meaning & Growth > Contemplative Practice > Meditation & reflection > Journaling apps",3
"Mind, Meaning & Growth > Contemplative Practice > Meditation & reflection > AI journaling",4
"Mind, Meaning & Growth > Contemplative Practice > Meditation & reflection > Mood tracking apps",3
"Mind, Meaning & Growth > Contemplative Practice > Breathwork & somatics > Breathwork apps",3
"Mind, Meaning & Growth > Contemplative Practice > Breathwork & somatics > Breath-training devices",3
"Mind, Meaning & Growth > Contemplative Practice > Breathwork & somatics > Somatic practitioner training",3
"Mind, Meaning & Growth > Contemplative Practice > Breathwork & somatics > Nervous-system regulation apps",3
"Mind, Meaning & Growth > Contemplative Practice > Digital wellness > Screen-time apps",3
"Mind, Meaning & Growth > Contemplative Practice > Digital wellness > Minimalist phones",4
"Mind, Meaning & Growth > Contemplative Practice > Digital wellness > Phone lockers & pouches",4
"Mind, Meaning & Growth > Contemplative Practice > Digital wellness > Phone-free social events",3
"Mind, Meaning & Growth > Spirituality & Faith > Faith tech > Church management",4
"Mind, Meaning & Growth > Spirituality & Faith > Faith tech > Giving platforms",4
"Mind, Meaning & Growth > Spirituality & Faith > Faith tech > Service streaming",3
"Mind, Meaning & Growth > Spirituality & Faith > Faith tech > Congregant engagement apps",3
"Mind, Meaning & Growth > Spirituality & Faith > Faith tech > Faith-based school software",3
"Mind, Meaning & Growth > Spirituality & Faith > Prayer & scripture > Prayer apps",4
"Mind, Meaning & Growth > Spirituality & Faith > Prayer & scripture > Scripture study",3
"Mind, Meaning & Growth > Spirituality & Faith > Prayer & scripture > AI scripture study",4
"Mind, Meaning & Growth > Spirituality & Faith > Prayer & scripture > Faith-based meditation",3
"Mind, Meaning & Growth > Spirituality & Faith > Spiritual guidance > Chaplaincy services",3
"Mind, Meaning & Growth > Spirituality & Faith > Spiritual guidance > Online religious education",3
"Mind, Meaning & Growth > Spirituality & Faith > Spiritual guidance > Astrology apps",3
"Mind, Meaning & Growth > Spirituality & Faith > Spiritual guidance > Officiant services",3
"Mind, Meaning & Growth > Purpose & Life Transitions > Life coaching > Coach certification",3
"Mind, Meaning & Growth > Purpose & Life Transitions > Life coaching > Coaching marketplaces",3
"Mind, Meaning & Growth > Purpose & Life Transitions > Life coaching > AI life coaches",4
"Mind, Meaning & Growth > Purpose & Life Transitions > Life coaching > Coaching practice software",4
"Mind, Meaning & Growth > Purpose & Life Transitions > Self-discovery > Strengths & values assessments",3
"Mind, Meaning & Growth > Purpose & Life Transitions > Self-discovery > Personality assessments",3
"Mind, Meaning & Growth > Purpose & Life Transitions > Self-discovery > Psychometric test platforms",3
"Mind, Meaning & Growth > Purpose & Life Transitions > Self-discovery > Life-design courses",3
"Mind, Meaning & Growth > Purpose & Life Transitions > Life-stage transitions > Midlife reinvention",3
"Mind, Meaning & Growth > Purpose & Life Transitions > Life-stage transitions > Encore careers",3
"Mind, Meaning & Growth > Purpose & Life Transitions > Life-stage transitions > Sabbatical planning",3
"Mind, Meaning & Growth > Purpose & Life Transitions > Life-stage transitions > Retirement transition coaching",3
"Mind, Meaning & Growth > Personal Development > Self-help content > Book summaries & audio",3
"Mind, Meaning & Growth > Personal Development > Self-help content > Personal development apps",3
"Mind, Meaning & Growth > Personal Development > Self-help content > Challenge programs",3
"Mind, Meaning & Growth > Personal Development > Self-help content > Personal-growth podcasts",3
"Mind, Meaning & Growth > Personal Development > Inner-work programs > Body-image programs",3
"Mind, Meaning & Growth > Personal Development > Inner-work programs > Resilience training",3
"Mind, Meaning & Growth > Personal Development > Inner-work programs > Wilderness programs",3
"Mind, Meaning & Growth > Personal Development > Inner-work programs > Confidence-building programs",3
"Mind, Meaning & Growth > Personal Development > Performance & mindset > Peak-performance coaching",3
"Mind, Meaning & Growth > Personal Development > Performance & mindset > Mental-skills coaching",3
"Mind, Meaning & Growth > Personal Development > Performance & mindset > Habit coaching",3
"Mind, Meaning & Growth > Personal Development > Performance & mindset > Executive coaching",3
"Mind, Meaning & Growth > Personal Development > Growth communities > Men's circles",3
"Mind, Meaning & Growth > Personal Development > Growth communities > Women's circles",3
"Mind, Meaning & Growth > Personal Development > Growth communities > Mastermind groups",3
"Mind, Meaning & Growth > Personal Development > Growth communities > Peer coaching networks",3
"Mind, Meaning & Growth > Productivity > Tasks & time > Gamified productivity",3
"Mind, Meaning & Growth > Productivity > Tasks & time > Goal-setting & accountability",3
"Mind, Meaning & Growth > Productivity > Tasks & time > AI calendars",4
"Mind, Meaning & Growth > Productivity > Tasks & time > Time tracking",3
"Mind, Meaning & Growth > Productivity > Knowledge management > Note-taking apps",3
"Mind, Meaning & Growth > Productivity > Knowledge management > AI knowledge assistants",4
"Mind, Meaning & Growth > Productivity > Knowledge management > Template marketplaces",3
"Mind, Meaning & Growth > Productivity > Knowledge management > Personal CRM apps",3
"Mind, Meaning & Growth > Productivity > ADHD-friendly productivity > Body doubling",4
"Mind, Meaning & Growth > Productivity > ADHD-friendly productivity > ADHD planners",3
"Mind, Meaning & Growth > Productivity > ADHD-friendly productivity > AI task breakdown",4
"Mind, Meaning & Growth > Productivity > ADHD-friendly productivity > Visual planning apps",3
"Mind, Meaning & Growth > Productivity > AI personal assistants > Personal AI agents",4
"Mind, Meaning & Growth > Productivity > AI personal assistants > AI browser agents",4
"Mind, Meaning & Growth > Productivity > AI personal assistants > Inbox & email AI",4
"Mind, Meaning & Growth > Productivity > AI personal assistants > AI answer engines",3
"Mind, Meaning & Growth > Productivity > AI personal assistants > AI glasses & wearables",4
"Mind, Meaning & Growth > Learning & Education > Online learning > Cohort-based courses",3
"Mind, Meaning & Growth > Learning & Education > Online learning > Masterclass platforms",3
"Mind, Meaning & Growth > Learning & Education > Online learning > Microlearning apps",3
"Mind, Meaning & Growth > Learning & Education > Online learning > Course-creation platforms",3
"Mind, Meaning & Growth > Learning & Education > AI tutoring > AI tutors",5
"Mind, Meaning & Growth > Learning & Education > AI tutoring > AI reading coaches",4
"Mind, Meaning & Growth > Learning & Education > AI tutoring > Homework help apps",3
"Mind, Meaning & Growth > Learning & Education > AI tutoring > AI study tools",4
"Mind, Meaning & Growth > Learning & Education > Test prep & credentials > Test prep",3
"Mind, Meaning & Growth > Learning & Education > Test prep & credentials > Professional certifications",3
"Mind, Meaning & Growth > Learning & Education > Test prep & credentials > Micro-credentials",3
"Mind, Meaning & Growth > Learning & Education > Test prep & credentials > Credential verification",3
"Mind, Meaning & Growth > Learning & Education > Test prep & credentials > Online proctoring",3
"Mind, Meaning & Growth > Learning & Education > Language learning > AI language tutors",5
"Mind, Meaning & Growth > Learning & Education > Language learning > Conversation practice",3
"Mind, Meaning & Growth > Learning & Education > Language learning > Workplace English",4
"Mind, Meaning & Growth > Learning & Education > Language learning > Heritage-language programs",3
"Mind, Meaning & Growth > Learning & Education > K-12 & alternatives > Homeschooling",4
"Mind, Meaning & Growth > Learning & Education > K-12 & alternatives > Learning pods",3
"Mind, Meaning & Growth > Learning & Education > K-12 & alternatives > Tutoring",4
"Mind, Meaning & Growth > Learning & Education > K-12 & alternatives > Microschools",5
"Mind, Meaning & Growth > Learning & Education > K-12 & alternatives > Special education",4
"Mind, Meaning & Growth > Learning & Education > Early & enrichment learning > Early-learning apps",3
"Mind, Meaning & Growth > Learning & Education > Early & enrichment learning > Preschools",3
"Mind, Meaning & Growth > Learning & Education > Early & enrichment learning > Kids' coding classes",3
"Mind, Meaning & Growth > Learning & Education > Early & enrichment learning > Music lessons",3
"Mind, Meaning & Growth > Learning & Education > Early & enrichment learning > After-school programs",3
"Mind, Meaning & Growth > Learning & Education > Higher education > College admissions",4
"Mind, Meaning & Growth > Learning & Education > Higher education > Financial-aid navigation",4
"Mind, Meaning & Growth > Learning & Education > Higher education > Online degrees",3
"Mind, Meaning & Growth > Learning & Education > Higher education > Transfer & credit mapping",3
"Mind, Meaning & Growth > Learning & Education > Higher education > Student services",3
"Mind, Meaning & Growth > Learning & Education > Higher education > Campus mental health",4
"Mind, Meaning & Growth > Learning & Education > School EdTech > Teacher tools",4
"Mind, Meaning & Growth > Learning & Education > School EdTech > Lesson-planning AI",5
"Mind, Meaning & Growth > Learning & Education > School EdTech > AI grading & assessment",5
"Mind, Meaning & Growth > Learning & Education > School EdTech > Curriculum marketplaces",3
"Mind, Meaning & Growth > Learning & Education > School EdTech > School management",3
"Mind, Meaning & Growth > Learning & Education > School EdTech > Parent-school communication",3
"Mind, Meaning & Growth > Learning & Education > School EdTech > Academic-integrity tools",3
"Mind, Meaning & Growth > Creativity & Craft > Writing > Writing tools",3
"Mind, Meaning & Growth > Creativity & Craft > Writing > AI writing assistants",3
"Mind, Meaning & Growth > Creativity & Craft > Writing > Screenwriting software",3
"Mind, Meaning & Growth > Creativity & Craft > Writing > Self-publishing",3
"Mind, Meaning & Growth > Creativity & Craft > Music creation > Music production",3
"Mind, Meaning & Growth > Creativity & Craft > Music creation > Sample marketplaces",3
"Mind, Meaning & Growth > Creativity & Craft > Music creation > Instrument learning",3
"Mind, Meaning & Growth > Creativity & Craft > Music creation > AI music tools",4
"Mind, Meaning & Growth > Creativity & Craft > Music creation > Music distribution",3
"Mind, Meaning & Growth > Creativity & Craft > Visual arts & craft > Pottery studios",3
"Mind, Meaning & Growth > Creativity & Craft > Visual arts & craft > Digital art tools",3
"Mind, Meaning & Growth > Creativity & Craft > Visual arts & craft > Craft kits",3
"Mind, Meaning & Growth > Creativity & Craft > Visual arts & craft > Artist marketplaces",3
"Mind, Meaning & Growth > Creativity & Craft > Visual arts & craft > Pattern marketplaces",3
"Mind, Meaning & Growth > Creativity & Craft > Visual arts & craft > Yarn & fabric DTC",3
"Mind, Meaning & Growth > Creativity & Craft > Photo & video > Film photography",3
"Mind, Meaning & Growth > Creativity & Craft > Photo & video > Editing tools",3
"Mind, Meaning & Growth > Creativity & Craft > Photo & video > AI video generation",5
"Mind, Meaning & Growth > Creativity & Craft > Photo & video > Stock media marketplaces",3
"Mind, Meaning & Growth > Creativity & Craft > Maker culture > 3D printing",3
"Mind, Meaning & Growth > Creativity & Craft > Maker culture > Electronics kits",3
"Mind, Meaning & Growth > Creativity & Craft > Maker culture > CNC & laser cutters",3
"Mind, Meaning & Growth > Creativity & Craft > Maker culture > 3D model marketplaces",3
"Mind, Meaning & Growth > Creativity & Craft > Performing arts > Dance classes",3
"Mind, Meaning & Growth > Creativity & Craft > Performing arts > Voice & singing lessons",3
"Mind, Meaning & Growth > Creativity & Craft > Performing arts > Dance-studio software",3
"Mind, Meaning & Growth > Creativity & Craft > Performing arts > Online dance lessons",3
"Mind, Meaning & Growth > Career Development > Job search > Resume tools",3
"Mind, Meaning & Growth > Career Development > Job search > AI job-application tools",4
"Mind, Meaning & Growth > Career Development > Job search > Interview preparation",4
"Mind, Meaning & Growth > Career Development > Job search > Salary negotiation tools",3
"Mind, Meaning & Growth > Career Development > Upskilling > AI upskilling",5
"Mind, Meaning & Growth > Career Development > Upskilling > Leadership development",3
"Mind, Meaning & Growth > Career Development > Upskilling > Manager training",4
"Mind, Meaning & Growth > Career Development > Upskilling > Technical upskilling",3
"Mind, Meaning & Growth > Career Development > Upskilling > Sales training",3
"Mind, Meaning & Growth > Career Development > Upskilling > Education-benefit platforms",3
"Mind, Meaning & Growth > Career Development > Career transitions > Career coaching",3
"Mind, Meaning & Growth > Career Development > Career transitions > Career switching",3
"Mind, Meaning & Growth > Career Development > Career transitions > Returnships",3
"Mind, Meaning & Growth > Career Development > Career transitions > Veterans' transition",3
"Mind, Meaning & Growth > Career Development > Career transitions > Outplacement",3
"Mind, Meaning & Growth > Career Development > Inclusive employment > Neurodivergent hiring",4
"Mind, Meaning & Growth > Career Development > Inclusive employment > Disability employment",3
"Mind, Meaning & Growth > Career Development > Inclusive employment > Workplace accommodations tools",4
"Mind, Meaning & Growth > Career Development > Inclusive employment > Older-worker hiring",3
"Mind, Meaning & Growth > Career Development > Inclusive employment > Refugee & immigrant employment",3
"Mind, Meaning & Growth > Career Development > Inclusive employment > Second-chance hiring",3
"Mind, Meaning & Growth > Career Development > Skilled trades careers > Trade schools",4
"Mind, Meaning & Growth > Career Development > Skilled trades careers > Apprenticeship marketplaces",4
"Mind, Meaning & Growth > Career Development > Skilled trades careers > Licensing exam prep",4
"Mind, Meaning & Growth > Career Development > Skilled trades careers > Trade job boards",4
"Mind, Meaning & Growth > Career Development > Skilled trades careers > Trades continuing education",3
"Mind, Meaning & Growth > Career Development > Work arrangements > Flexible & part-time jobs",3
"Mind, Meaning & Growth > Career Development > Work arrangements > Interim management",3
"Mind, Meaning & Growth > Career Development > Work arrangements > Four-day-week jobs",3
"Mind, Meaning & Growth > Career Development > Work arrangements > Seasonal & temp jobs",3
"Mind, Meaning & Growth > Career Development > Professional networking > Professional communities",3
"Mind, Meaning & Growth > Career Development > Professional networking > Mentorship platforms",3
"Mind, Meaning & Growth > Career Development > Professional networking > Personal branding tools",3
"Mind, Meaning & Growth > Career Development > Professional networking > Warm-intro tools",3
"Mind, Meaning & Growth > Career Development > Workplace navigation > Salary data platforms",3
"Mind, Meaning & Growth > Career Development > Workplace navigation > Leave navigation",4
"Mind, Meaning & Growth > Career Development > Workplace navigation > Employment-law help",3
"Mind, Meaning & Growth > Career Development > Workplace navigation > Open-enrollment help",3
"Lifestyle, Home & Experiences > Travel & Adventure > Trip planning > AI trip planners",4
"Lifestyle, Home & Experiences > Travel & Adventure > Trip planning > Itinerary apps",3
"Lifestyle, Home & Experiences > Travel & Adventure > Trip planning > Group trip planning",3
"Lifestyle, Home & Experiences > Travel & Adventure > Trip planning > Creator travel guides",3
"Lifestyle, Home & Experiences > Travel & Adventure > Trip planning > Travel rewards",3
"Lifestyle, Home & Experiences > Travel & Adventure > Experiential travel > Adventure tours",3
"Lifestyle, Home & Experiences > Travel & Adventure > Experiential travel > Culinary travel",3
"Lifestyle, Home & Experiences > Travel & Adventure > Experiential travel > Sports & event travel",3
"Lifestyle, Home & Experiences > Travel & Adventure > Experiential travel > Experiences marketplaces",3
"Lifestyle, Home & Experiences > Travel & Adventure > Digital nomadism > Nomad communities",3
"Lifestyle, Home & Experiences > Travel & Adventure > Digital nomadism > Coworking passes",3
"Lifestyle, Home & Experiences > Travel & Adventure > Digital nomadism > Remote-work retreats",3
"Lifestyle, Home & Experiences > Travel & Adventure > Digital nomadism > Nomad insurance",3
"Lifestyle, Home & Experiences > Travel & Adventure > Wellness travel > Wellness retreats",3
"Lifestyle, Home & Experiences > Travel & Adventure > Wellness travel > Fitness retreats",3
"Lifestyle, Home & Experiences > Travel & Adventure > Wellness travel > Longevity retreats",3
"Lifestyle, Home & Experiences > Travel & Adventure > Wellness travel > Retreat booking platforms",3
"Lifestyle, Home & Experiences > Travel & Adventure > Traveler segments > Solo travel",3
"Lifestyle, Home & Experiences > Travel & Adventure > Traveler segments > Family travel",3
"Lifestyle, Home & Experiences > Travel & Adventure > Traveler segments > Senior travel",3
"Lifestyle, Home & Experiences > Travel & Adventure > Traveler segments > Accessible travel",4
"Lifestyle, Home & Experiences > Travel & Adventure > Road & outdoor travel > RV rentals",3
"Lifestyle, Home & Experiences > Travel & Adventure > Road & outdoor travel > Glamping",3
"Lifestyle, Home & Experiences > Travel & Adventure > Road & outdoor travel > Campground booking",4
"Lifestyle, Home & Experiences > Travel & Adventure > Road & outdoor travel > Outdoor gear rental",3
"Lifestyle, Home & Experiences > Travel & Adventure > Hospitality tech > Hotel property management",4
"Lifestyle, Home & Experiences > Travel & Adventure > Hospitality tech > Hotel revenue management",4
"Lifestyle, Home & Experiences > Travel & Adventure > Hospitality tech > Guest messaging",4
"Lifestyle, Home & Experiences > Travel & Adventure > Hospitality tech > Direct booking engines",3
"Lifestyle, Home & Experiences > Travel & Adventure > Hospitality tech > Tour-operator software",4
"Lifestyle, Home & Experiences > Travel & Adventure > Hospitality tech > Overtourism management",3
"Lifestyle, Home & Experiences > Food & Beverage > Meal solutions > Prepared meals",3
"Lifestyle, Home & Experiences > Food & Beverage > Meal solutions > Personal chefs",3
"Lifestyle, Home & Experiences > Food & Beverage > Meal solutions > Kids' & school meals",3
"Lifestyle, Home & Experiences > Food & Beverage > Meal solutions > Corporate catering",3
"Lifestyle, Home & Experiences > Food & Beverage > Meal solutions > Meal-planning apps",3
"Lifestyle, Home & Experiences > Food & Beverage > Meal solutions > Senior meal delivery",3
"Lifestyle, Home & Experiences > Food & Beverage > Better-for-you food & drink > Functional beverages",3
"Lifestyle, Home & Experiences > Food & Beverage > Better-for-you food & drink > Protein-forward foods",4
"Lifestyle, Home & Experiences > Food & Beverage > Better-for-you food & drink > Low-sugar snacks",3
"Lifestyle, Home & Experiences > Food & Beverage > Better-for-you food & drink > Gut-health foods",3
"Lifestyle, Home & Experiences > Food & Beverage > Better-for-you food & drink > Allergen-free foods",3
"Lifestyle, Home & Experiences > Food & Beverage > Better-for-you food & drink > Tea & matcha",3
"Lifestyle, Home & Experiences > Food & Beverage > Better-for-you food & drink > Non-alcoholic drinks",4
"Lifestyle, Home & Experiences > Food & Beverage > Restaurant tech > Restaurant ops software",4
"Lifestyle, Home & Experiences > Food & Beverage > Restaurant tech > Restaurant POS",3
"Lifestyle, Home & Experiences > Food & Beverage > Restaurant tech > Online ordering & loyalty",4
"Lifestyle, Home & Experiences > Food & Beverage > Restaurant tech > Reservations & waitlists",3
"Lifestyle, Home & Experiences > Food & Beverage > Restaurant tech > Kitchen automation",4
"Lifestyle, Home & Experiences > Food & Beverage > Restaurant tech > Restaurant supplier marketplaces",4
"Lifestyle, Home & Experiences > Food & Beverage > Artisanal & local food > Specialty food DTC",3
"Lifestyle, Home & Experiences > Food & Beverage > Artisanal & local food > Cottage-food businesses",3
"Lifestyle, Home & Experiences > Food & Beverage > Artisanal & local food > Food incubators & commissaries",3
"Lifestyle, Home & Experiences > Food & Beverage > Artisanal & local food > Food labeling software",3
"Lifestyle, Home & Experiences > Food & Beverage > Food waste > Surplus-food apps",3
"Lifestyle, Home & Experiences > Food & Beverage > Food waste > Food donation logistics",4
"Lifestyle, Home & Experiences > Food & Beverage > Food waste > Food-freshness tracking",3
"Lifestyle, Home & Experiences > Food & Beverage > Food waste > Home composting",3
"Lifestyle, Home & Experiences > Food & Beverage > Food waste > Upcycled foods",3
"Lifestyle, Home & Experiences > Food & Beverage > Cooking & groceries > AI cooking assistants",3
"Lifestyle, Home & Experiences > Food & Beverage > Cooking & groceries > Smart cooking appliances",3
"Lifestyle, Home & Experiences > Food & Beverage > Cooking & groceries > Grocery price comparison",3
"Lifestyle, Home & Experiences > Food & Beverage > Cooking & groceries > Specialty grocery delivery",3
"Lifestyle, Home & Experiences > Home & Living > Smart home > Smart-home installation",3
"Lifestyle, Home & Experiences > Home & Living > Smart home > Home security",3
"Lifestyle, Home & Experiences > Home & Living > Smart home > Home robots",4
"Lifestyle, Home & Experiences > Home & Living > Smart home > Home energy monitors",3
"Lifestyle, Home & Experiences > Home & Living > Smart home > Water-leak sensors",3
"Lifestyle, Home & Experiences > Home & Living > Design & decor > E-design",3
"Lifestyle, Home & Experiences > Home & Living > Design & decor > AI interior design",4
"Lifestyle, Home & Experiences > Home & Living > Design & decor > Home staging",3
"Lifestyle, Home & Experiences > Home & Living > Design & decor > Furniture resale",3
"Lifestyle, Home & Experiences > Home & Living > Organizing & moving > Decluttering services",3
"Lifestyle, Home & Experiences > Home & Living > Organizing & moving > Home inventory apps",3
"Lifestyle, Home & Experiences > Home & Living > Organizing & moving > Moving services",3
"Lifestyle, Home & Experiences > Home & Living > Organizing & moving > Move admin",3
"Lifestyle, Home & Experiences > Home & Living > Organizing & moving > Senior move management",3
"Lifestyle, Home & Experiences > Home & Living > Home improvement > Renovation platforms",3
"Lifestyle, Home & Experiences > Home & Living > Home improvement > Renovation financing",4
"Lifestyle, Home & Experiences > Home & Living > Home improvement > Home accessibility retrofits",4
"Lifestyle, Home & Experiences > Home & Living > Home improvement > Home maintenance apps",4
"Lifestyle, Home & Experiences > Home & Living > Home improvement > Home inspection",3
"Lifestyle, Home & Experiences > Home & Living > Home services > Handyman marketplaces",3
"Lifestyle, Home & Experiences > Home & Living > Home services > Cleaning services",3
"Lifestyle, Home & Experiences > Home & Living > Home services > Lawn & pest services",3
"Lifestyle, Home & Experiences > Home & Living > Home services > Field-service software",5
"Lifestyle, Home & Experiences > Home & Living > Gardening & plants > Seed & plant DTC",3
"Lifestyle, Home & Experiences > Home & Living > Gardening & plants > Landscape design",3
"Lifestyle, Home & Experiences > Home & Living > Gardening & plants > Native & drought-tolerant landscaping",3
"Lifestyle, Home & Experiences > Home & Living > Gardening & plants > Garden coaching",3
"Lifestyle, Home & Experiences > Home & Living > Living arrangements > Coliving",3
"Lifestyle, Home & Experiences > Home & Living > Living arrangements > ADUs & tiny homes",4
"Lifestyle, Home & Experiences > Home & Living > Living arrangements > Roommate matching",3
"Lifestyle, Home & Experiences > Home & Living > Living arrangements > Co-buying platforms",3
"Lifestyle, Home & Experiences > Home & Living > Home electrification > Heat pumps",4
"Lifestyle, Home & Experiences > Home & Living > Home electrification > Rooftop solar",3
"Lifestyle, Home & Experiences > Home & Living > Home electrification > Home batteries",4
"Lifestyle, Home & Experiences > Home & Living > Home electrification > Induction cooking",3
"Lifestyle, Home & Experiences > Home & Living > Home electrification > Energy audits",3
"Lifestyle, Home & Experiences > Home & Living > Home electrification > Rebate navigation",4
"Lifestyle, Home & Experiences > Fashion & Beauty > Resale & circular fashion > Resale marketplaces",3
"Lifestyle, Home & Experiences > Fashion & Beauty > Resale & circular fashion > Luxury resale",3
"Lifestyle, Home & Experiences > Fashion & Beauty > Resale & circular fashion > Resale-as-a-service",4
"Lifestyle, Home & Experiences > Fashion & Beauty > Resale & circular fashion > Repair & upcycling",3
"Lifestyle, Home & Experiences > Fashion & Beauty > Inclusive fashion > Plus-size fashion",3
"Lifestyle, Home & Experiences > Fashion & Beauty > Inclusive fashion > Petite & tall sizing",3
"Lifestyle, Home & Experiences > Fashion & Beauty > Inclusive fashion > Adaptive clothing",4
"Lifestyle, Home & Experiences > Fashion & Beauty > Inclusive fashion > Maternity wear",3
"Lifestyle, Home & Experiences > Fashion & Beauty > Inclusive fashion > Modest fashion",3
"Lifestyle, Home & Experiences > Fashion & Beauty > Beauty & skincare > K-beauty",3
"Lifestyle, Home & Experiences > Fashion & Beauty > Beauty & skincare > Inclusive beauty",3
"Lifestyle, Home & Experiences > Fashion & Beauty > Beauty & skincare > Textured hair care",4
"Lifestyle, Home & Experiences > Fashion & Beauty > Beauty & skincare > Nail care",3
"Lifestyle, Home & Experiences > Fashion & Beauty > Beauty & skincare > Fragrance",3
"Lifestyle, Home & Experiences > Fashion & Beauty > Beauty & skincare > Men's skincare",3
"Lifestyle, Home & Experiences > Fashion & Beauty > Fashion & beauty tech > Virtual try-on",4
"Lifestyle, Home & Experiences > Fashion & Beauty > Fashion & beauty tech > AI styling assistants",4
"Lifestyle, Home & Experiences > Fashion & Beauty > Fashion & beauty tech > Size & fit tech",4
"Lifestyle, Home & Experiences > Fashion & Beauty > Fashion & beauty tech > AI skin analysis",3
"Lifestyle, Home & Experiences > Fashion & Beauty > Fashion & beauty tech > On-demand apparel manufacturing",4
"Lifestyle, Home & Experiences > Fashion & Beauty > Salon & spa tech > Salon booking software",4
"Lifestyle, Home & Experiences > Fashion & Beauty > Salon & spa tech > Salon management",4
"Lifestyle, Home & Experiences > Fashion & Beauty > Salon & spa tech > Salon-suite rental platforms",4
"Lifestyle, Home & Experiences > Fashion & Beauty > Salon & spa tech > Beauty-pro marketplaces",3
"Lifestyle, Home & Experiences > Fashion & Beauty > Salon & spa tech > Beauty-pro payments",3
"Lifestyle, Home & Experiences > Fashion & Beauty > Salon & spa tech > Barbershop booking",3
"Lifestyle, Home & Experiences > Pets & Animal Care > Pet food > Fresh pet food",4
"Lifestyle, Home & Experiences > Pets & Animal Care > Pet food > Personalized pet nutrition",3
"Lifestyle, Home & Experiences > Pets & Animal Care > Pet food > Sustainable pet food",3
"Lifestyle, Home & Experiences > Pets & Animal Care > Pet food > Treats & supplements",3
"Lifestyle, Home & Experiences > Pets & Animal Care > Pet health > Vet telehealth",4
"Lifestyle, Home & Experiences > Pets & Animal Care > Pet health > Modern vet clinics",4
"Lifestyle, Home & Experiences > Pets & Animal Care > Pet health > Pet wellness plans",4
"Lifestyle, Home & Experiences > Pets & Animal Care > Pet health > Pet pharmacy",3
"Lifestyle, Home & Experiences > Pets & Animal Care > Pet health > Pet DNA & diagnostics",3
"Lifestyle, Home & Experiences > Pets & Animal Care > Pet health > Vet practice software",5
"Lifestyle, Home & Experiences > Pets & Animal Care > Pet health > Equine care",3
"Lifestyle, Home & Experiences > Pets & Animal Care > Pet tech > GPS trackers",4
"Lifestyle, Home & Experiences > Pets & Animal Care > Pet tech > Pet health wearables",3
"Lifestyle, Home & Experiences > Pets & Animal Care > Pet tech > Smart litter boxes",3
"Lifestyle, Home & Experiences > Pets & Animal Care > Pet tech > Smart pet feeders",3
"Lifestyle, Home & Experiences > Pets & Animal Care > Pet services > Pet grooming",3
"Lifestyle, Home & Experiences > Pets & Animal Care > Pet services > Mobile grooming",3
"Lifestyle, Home & Experiences > Pets & Animal Care > Pet services > Boarding & daycare",3
"Lifestyle, Home & Experiences > Pets & Animal Care > Pet services > Pet sitting",3
"Lifestyle, Home & Experiences > Pets & Animal Care > Pet services > Training & behavior",3
"Lifestyle, Home & Experiences > Pets & Animal Care > Pet lifestyle > Pet adoption",3
"Lifestyle, Home & Experiences > Pets & Animal Care > Pet lifestyle > Pet-friendly travel",3
"Lifestyle, Home & Experiences > Pets & Animal Care > Pet lifestyle > Pet aftercare",3
"Lifestyle, Home & Experiences > Pets & Animal Care > Pet lifestyle > Pet loss & grief",3
"Lifestyle, Home & Experiences > Sports & Hobbies > Racquet sports > Pickleball",3
"Lifestyle, Home & Experiences > Sports & Hobbies > Racquet sports > Padel",3
"Lifestyle, Home & Experiences > Sports & Hobbies > Racquet sports > Indoor pickleball venues",4
"Lifestyle, Home & Experiences > Sports & Hobbies > Racquet sports > Court booking",4
"Lifestyle, Home & Experiences > Sports & Hobbies > Racquet sports > Racquet coaching apps",3
"Lifestyle, Home & Experiences > Sports & Hobbies > Social sports > Run clubs",3
"Lifestyle, Home & Experiences > Sports & Hobbies > Social sports > Fitness racing",4
"Lifestyle, Home & Experiences > Sports & Hobbies > Social sports > Adult rec leagues",3
"Lifestyle, Home & Experiences > Sports & Hobbies > Social sports > Pickup-game apps",3
"Lifestyle, Home & Experiences > Sports & Hobbies > Social sports > Golf entertainment",3
"Lifestyle, Home & Experiences > Sports & Hobbies > Women's sports > Pro leagues & fandom",4
"Lifestyle, Home & Experiences > Sports & Hobbies > Women's sports > Women's sports media",4
"Lifestyle, Home & Experiences > Sports & Hobbies > Women's sports > Women's sports gear",3
"Lifestyle, Home & Experiences > Sports & Hobbies > Women's sports > Girls' sports participation",3
"Lifestyle, Home & Experiences > Sports & Hobbies > Fandom & spectating > Fan engagement apps",3
"Lifestyle, Home & Experiences > Sports & Hobbies > Fandom & spectating > Watch-party venues",3
"Lifestyle, Home & Experiences > Sports & Hobbies > Fandom & spectating > Amateur sports streaming",4
"Lifestyle, Home & Experiences > Sports & Hobbies > Fandom & spectating > Stadium tech",3
"Lifestyle, Home & Experiences > Sports & Hobbies > Games & puzzles > Chess",3
"Lifestyle, Home & Experiences > Sports & Hobbies > Games & puzzles > Tabletop RPGs",3
"Lifestyle, Home & Experiences > Sports & Hobbies > Games & puzzles > Word games",3
"Lifestyle, Home & Experiences > Sports & Hobbies > Games & puzzles > Board-game publishing",3
"Lifestyle, Home & Experiences > Sports & Hobbies > Collecting > Trading cards",3
"Lifestyle, Home & Experiences > Sports & Hobbies > Collecting > Designer toys & blind boxes",3
"Lifestyle, Home & Experiences > Sports & Hobbies > Collecting > Live collectible auctions",4
"Lifestyle, Home & Experiences > Sports & Hobbies > Collecting > Grading & authentication",4
"Lifestyle, Home & Experiences > Sports & Hobbies > Reading > Book discovery",3
"Lifestyle, Home & Experiences > Sports & Hobbies > Reading > Reading trackers",3
"Lifestyle, Home & Experiences > Sports & Hobbies > Reading > Web-fiction platforms",3
"Lifestyle, Home & Experiences > Sports & Hobbies > Reading > Book subscription boxes",3
"Lifestyle, Home & Experiences > Entertainment & Events > Streaming & video > FAST channels",3
"Lifestyle, Home & Experiences > Entertainment & Events > Streaming & video > International content streaming",3
"Lifestyle, Home & Experiences > Entertainment & Events > Streaming & video > Microdramas",4
"Lifestyle, Home & Experiences > Entertainment & Events > Streaming & video > Creator-led media",3
"Lifestyle, Home & Experiences > Entertainment & Events > Podcasts & audio > Audio dramas & fiction",3
"Lifestyle, Home & Experiences > Entertainment & Events > Podcasts & audio > Audio creator tools",3
"Lifestyle, Home & Experiences > Entertainment & Events > Podcasts & audio > Podcast advertising",3
"Lifestyle, Home & Experiences > Entertainment & Events > Podcasts & audio > Podcast production services",3
"Lifestyle, Home & Experiences > Entertainment & Events > Gaming > Mobile games",3
"Lifestyle, Home & Experiences > Entertainment & Events > Gaming > Game UGC platforms",4
"Lifestyle, Home & Experiences > Entertainment & Events > Gaming > Indie game publishing",3
"Lifestyle, Home & Experiences > Entertainment & Events > Gaming > AI game-dev tools",5
"Lifestyle, Home & Experiences > Entertainment & Events > Live events > Local event discovery",3
"Lifestyle, Home & Experiences > Entertainment & Events > Live events > Ticketing",3
"Lifestyle, Home & Experiences > Entertainment & Events > Live events > Ticket resale",3
"Lifestyle, Home & Experiences > Entertainment & Events > Live events > Event staffing marketplaces",3
"Lifestyle, Home & Experiences > Entertainment & Events > Nightlife & venues > Eatertainment venues",3
"Lifestyle, Home & Experiences > Entertainment & Events > Nightlife & venues > Sober nightlife",3
"Lifestyle, Home & Experiences > Entertainment & Events > Nightlife & venues > Table & guest-list apps",3
"Lifestyle, Home & Experiences > Entertainment & Events > Nightlife & venues > Venue management software",4
"Lifestyle, Home & Experiences > Entertainment & Events > Immersive experiences > Immersive theater",3
"Lifestyle, Home & Experiences > Entertainment & Events > Immersive experiences > Interactive art",3
"Lifestyle, Home & Experiences > Entertainment & Events > Immersive experiences > Themed pop-ups",3
"Lifestyle, Home & Experiences > Entertainment & Events > Immersive experiences > Location-based AR",3
"Lifestyle, Home & Experiences > Entertainment & Events > Weddings > Wedding planning platforms",4
"Lifestyle, Home & Experiences > Entertainment & Events > Weddings > Registries",3
"Lifestyle, Home & Experiences > Entertainment & Events > Weddings > Wedding attire",3
"Lifestyle, Home & Experiences > Entertainment & Events > Weddings > Elopements & micro-weddings",3
"Lifestyle, Home & Experiences > Entertainment & Events > Weddings > Wedding vendor software",4
"Lifestyle, Home & Experiences > Entertainment & Events > Celebrations & gifting > Party planning",3
"Lifestyle, Home & Experiences > Entertainment & Events > Celebrations & gifting > Kids' parties",3
"Lifestyle, Home & Experiences > Entertainment & Events > Celebrations & gifting > Gifting platforms",3
"Lifestyle, Home & Experiences > Entertainment & Events > Celebrations & gifting > Personalized gifts",3
"Lifestyle, Home & Experiences > Entertainment & Events > Celebrations & gifting > Group gifting",3
"Lifestyle, Home & Experiences > Entertainment & Events > Celebrations & gifting > Corporate gifting",4
"Lifestyle, Home & Experiences > Entertainment & Events > Celebrations & gifting > Team experiences",4
"Lifestyle, Home & Experiences > Cars & Transportation > Car buying > Online car buying",3
"Lifestyle, Home & Experiences > Cars & Transportation > Car buying > Car marketplaces",3
"Lifestyle, Home & Experiences > Cars & Transportation > Car buying > Trade-in valuation",3
"Lifestyle, Home & Experiences > Cars & Transportation > Car buying > Used-car inspections",4
"Lifestyle, Home & Experiences > Cars & Transportation > Car buying > Car-buying advisors",3
"Lifestyle, Home & Experiences > Cars & Transportation > Car ownership > Maintenance & repair",3
"Lifestyle, Home & Experiences > Cars & Transportation > Car ownership > Mobile mechanics",4
"Lifestyle, Home & Experiences > Cars & Transportation > Car ownership > Detailing & care",3
"Lifestyle, Home & Experiences > Cars & Transportation > Car ownership > Connected-car apps",3
"Lifestyle, Home & Experiences > Cars & Transportation > Car ownership > Parking apps",3
"Lifestyle, Home & Experiences > Cars & Transportation > Car ownership > Tolls & tickets",3
"Lifestyle, Home & Experiences > Cars & Transportation > Car enthusiasts > Collector cars",3
"Lifestyle, Home & Experiences > Cars & Transportation > Car enthusiasts > Parts & modification",3
"Lifestyle, Home & Experiences > Cars & Transportation > Car enthusiasts > Classic-car restoration",3
"Lifestyle, Home & Experiences > Cars & Transportation > Car enthusiasts > Car-meet apps",3
"Lifestyle, Home & Experiences > Cars & Transportation > EV ownership > Home charging",3
"Lifestyle, Home & Experiences > Cars & Transportation > EV ownership > Charger installation",4
"Lifestyle, Home & Experiences > Cars & Transportation > EV ownership > Charging apps",3
"Lifestyle, Home & Experiences > Cars & Transportation > EV ownership > Used EVs & battery health",4
"Lifestyle, Home & Experiences > Cars & Transportation > Micromobility > E-bikes",3
"Lifestyle, Home & Experiences > Cars & Transportation > Micromobility > Cargo bikes",3
"Lifestyle, Home & Experiences > Cars & Transportation > Micromobility > E-bike subscriptions",3
"Lifestyle, Home & Experiences > Cars & Transportation > Micromobility > Bike theft protection",3
"Lifestyle, Home & Experiences > Cars & Transportation > Autonomous & shared rides > Peer-to-peer car sharing",3
"Lifestyle, Home & Experiences > Cars & Transportation > Autonomous & shared rides > Medical & senior rides",4
"Lifestyle, Home & Experiences > Cars & Transportation > Autonomous & shared rides > Robotaxi fleet operations",4
"Lifestyle, Home & Experiences > Cars & Transportation > Autonomous & shared rides > Autonomous shuttles",3
Enterprise & AI > AI Infrastructure > Foundation models > Open-weight models,3
Enterprise & AI > AI Infrastructure > Foundation models > Domain-specific models,4
Enterprise & AI > AI Infrastructure > Foundation models > Small & on-device models,4
Enterprise & AI > AI Infrastructure > Foundation models > Voice & multimodal models,4
Enterprise & AI > AI Infrastructure > Foundation models > Model gateways & routing,4
Enterprise & AI > AI Infrastructure > AI agents > Vertical agents,5
Enterprise & AI > AI Infrastructure > AI agents > Coding agents,5
Enterprise & AI > AI Infrastructure > AI agents > Computer-use agents,4
Enterprise & AI > AI Infrastructure > AI agents > Workflow automation,5
Enterprise & AI > AI Infrastructure > AI agents > Agent orchestration,4
Enterprise & AI > AI Infrastructure > AI agents > Agent memory & context,4
Enterprise & AI > AI Infrastructure > AI agents > Agent tool protocols,4
Enterprise & AI > AI Infrastructure > Model training & serving > Fine-tuning platforms,4
Enterprise & AI > AI Infrastructure > Model training & serving > Distributed training,3
Enterprise & AI > AI Infrastructure > Model training & serving > Model serving,4
Enterprise & AI > AI Infrastructure > Model training & serving > Model registries,3
Enterprise & AI > AI Infrastructure > AI tooling > Evals,5
Enterprise & AI > AI Infrastructure > AI tooling > LLM observability,4
Enterprise & AI > AI Infrastructure > AI tooling > Prompt management,3
Enterprise & AI > AI Infrastructure > AI tooling > RAG frameworks,3
Enterprise & AI > AI Infrastructure > AI tooling > Guardrails & safety,4
Enterprise & AI > AI Infrastructure > Compute & data centers > GPU cloud,3
Enterprise & AI > AI Infrastructure > Compute & data centers > GPU marketplaces,4
Enterprise & AI > AI Infrastructure > Compute & data centers > Inference optimization,5
Enterprise & AI > AI Infrastructure > Compute & data centers > Data-center cooling,4
Enterprise & AI > AI Infrastructure > Compute & data centers > Sovereign AI clouds,3
Enterprise & AI > AI Infrastructure > Compute & data centers > Edge AI,4
Enterprise & AI > AI Infrastructure > Data infrastructure > Data labeling,4
Enterprise & AI > AI Infrastructure > Data infrastructure > Synthetic data,4
Enterprise & AI > AI Infrastructure > Data infrastructure > Web data APIs,4
Enterprise & AI > AI Infrastructure > Data infrastructure > Training-data licensing,4
Enterprise & AI > AI Infrastructure > Data infrastructure > Vector databases,3
Enterprise & AI > AI Infrastructure > Data infrastructure > Data pipelines,3
Enterprise & AI > Software & Developer Tools > Developer platforms > Cloud development environments,4
Enterprise & AI > Software & Developer Tools > Developer platforms > Developer portals,3
Enterprise & AI > Software & Developer Tools > Developer platforms > Open-source commercialization,4
Enterprise & AI > Software & Developer Tools > Developer platforms > Documentation platforms,4
Enterprise & AI > Software & Developer Tools > AI coding tools > AI code editors,5
Enterprise & AI > Software & Developer Tools > AI coding tools > AI code review,5
Enterprise & AI > Software & Developer Tools > AI coding tools > AI test generation,4
Enterprise & AI > Software & Developer Tools > AI coding tools > Code modernization AI,5
Enterprise & AI > Software & Developer Tools > No-code & low-code > App builders,3
Enterprise & AI > Software & Developer Tools > No-code & low-code > Internal-tool builders,4
Enterprise & AI > Software & Developer Tools > No-code & low-code > Spreadsheet-database builders,3
Enterprise & AI > Software & Developer Tools > No-code & low-code > AI app generators,5
Enterprise & AI > Software & Developer Tools > No-code & low-code > Workflow builders,4
Enterprise & AI > Software & Developer Tools > Testing & quality > Test automation,4
Enterprise & AI > Software & Developer Tools > Testing & quality > Mobile app testing,3
Enterprise & AI > Software & Developer Tools > Testing & quality > Load testing,3
Enterprise & AI > Software & Developer Tools > Testing & quality > Feature flags & experimentation,3
Enterprise & AI > Software & Developer Tools > DevOps & observability > CI/CD,3
Enterprise & AI > Software & Developer Tools > DevOps & observability > Infrastructure as code,3
Enterprise & AI > Software & Developer Tools > DevOps & observability > Observability,4
Enterprise & AI > Software & Developer Tools > DevOps & observability > Error monitoring,3
Enterprise & AI > Software & Developer Tools > DevOps & observability > Incident management,4
Enterprise & AI > Software & Developer Tools > DevOps & observability > Cloud cost management,4
Enterprise & AI > Software & Developer Tools > Hosting & compute > App hosting,3
Enterprise & AI > Software & Developer Tools > Hosting & compute > Serverless functions,3
Enterprise & AI > Software & Developer Tools > Hosting & compute > Edge compute,3
Enterprise & AI > Software & Developer Tools > Hosting & compute > Agent sandboxes,4
Enterprise & AI > Software & Developer Tools > Databases > Managed databases,3
Enterprise & AI > Software & Developer Tools > Databases > Serverless databases,4
Enterprise & AI > Software & Developer Tools > Databases > Analytics engineering tools,3
Enterprise & AI > Software & Developer Tools > Databases > Data observability,4
Enterprise & AI > Software & Developer Tools > API economy > API management,3
Enterprise & AI > Software & Developer Tools > API economy > SDK generation,4
Enterprise & AI > Software & Developer Tools > API economy > Webhook infrastructure,3
Enterprise & AI > Software & Developer Tools > API economy > Integration platforms,4
Enterprise & AI > Cybersecurity & Trust > Identity & zero trust > Identity management,3
Enterprise & AI > Cybersecurity & Trust > Identity & zero trust > Passwordless authentication,4
Enterprise & AI > Cybersecurity & Trust > Identity & zero trust > Privileged access management,3
Enterprise & AI > Cybersecurity & Trust > Identity & zero trust > Zero-trust access,3
Enterprise & AI > Cybersecurity & Trust > Identity & zero trust > Identity threat detection,4
Enterprise & AI > Cybersecurity & Trust > Identity & zero trust > Non-human identity,5
Enterprise & AI > Cybersecurity & Trust > Security operations > SOC automation,5
Enterprise & AI > Cybersecurity & Trust > Security operations > Threat detection,3
Enterprise & AI > Cybersecurity & Trust > Security operations > Managed detection & response,4
Enterprise & AI > Cybersecurity & Trust > Security operations > Incident response,3
Enterprise & AI > Cybersecurity & Trust > Security operations > Threat intelligence,3
Enterprise & AI > Cybersecurity & Trust > Security operations > Vulnerability management,4
Enterprise & AI > Cybersecurity & Trust > Cloud & application security > Cloud security posture,3
Enterprise & AI > Cybersecurity & Trust > Cloud & application security > Application security testing,4
Enterprise & AI > Cybersecurity & Trust > Cloud & application security > Software supply-chain security,5
Enterprise & AI > Cybersecurity & Trust > Cloud & application security > API security,4
Enterprise & AI > Cybersecurity & Trust > Cloud & application security > Secrets management,3
Enterprise & AI > Cybersecurity & Trust > Data security > Data security posture,4
Enterprise & AI > Cybersecurity & Trust > Data security > Encryption & key management,3
Enterprise & AI > Cybersecurity & Trust > Data security > Email security,4
Enterprise & AI > Cybersecurity & Trust > Data security > Backup & ransomware recovery,3
Enterprise & AI > Cybersecurity & Trust > Human risk > Security awareness training,3
Enterprise & AI > Cybersecurity & Trust > Human risk > Phishing simulation,3
Enterprise & AI > Cybersecurity & Trust > Human risk > Insider-risk management,4
Enterprise & AI > Cybersecurity & Trust > Human risk > Executive digital protection,3
Enterprise & AI > Cybersecurity & Trust > Security for AI > Model security,5
Enterprise & AI > Cybersecurity & Trust > Security for AI > AI agent security,5
Enterprise & AI > Cybersecurity & Trust > Security for AI > Prompt-injection defense,5
Enterprise & AI > Cybersecurity & Trust > Security for AI > AI red-teaming,4
Enterprise & AI > Cybersecurity & Trust > Security for AI > AI data-leak prevention,5
Enterprise & AI > Cybersecurity & Trust > Trust & safety > Deepfake detection,5
Enterprise & AI > Cybersecurity & Trust > Trust & safety > Content provenance,4
Enterprise & AI > Cybersecurity & Trust > Trust & safety > Content moderation,4
Enterprise & AI > Cybersecurity & Trust > Trust & safety > Trust & safety operations,4
Enterprise & AI > Cybersecurity & Trust > Trust & safety > Bot & fraud detection,4
Enterprise & AI > Cybersecurity & Trust > Trust & safety > Account takeover prevention,4
Enterprise & AI > Cybersecurity & Trust > Consumer security > Identity-theft protection,3
Enterprise & AI > Cybersecurity & Trust > Consumer security > Data-broker removal,4
Enterprise & AI > Cybersecurity & Trust > Consumer security > Scam protection,5
Enterprise & AI > Cybersecurity & Trust > Consumer security > Privacy tools,3
Enterprise & AI > Work & HR Tech > Recruiting > AI recruiting,5
Enterprise & AI > Work & HR Tech > Recruiting > Candidate sourcing,4
Enterprise & AI > Work & HR Tech > Recruiting > Skills-based hiring,3
Enterprise & AI > Work & HR Tech > Recruiting > Interview intelligence,4
Enterprise & AI > Work & HR Tech > Recruiting > Employment screening,3
Enterprise & AI > Work & HR Tech > Recruiting > Recruiter marketplaces,3
Enterprise & AI > Work & HR Tech > HRIS & people analytics > HRIS,3
Enterprise & AI > Work & HR Tech > HRIS & people analytics > Performance management,4
Enterprise & AI > Work & HR Tech > HRIS & people analytics > Engagement surveys,3
Enterprise & AI > Work & HR Tech > HRIS & people analytics > People analytics,4
Enterprise & AI > Work & HR Tech > HRIS & people analytics > Compensation benchmarking,4
Enterprise & AI > Work & HR Tech > Collaboration > Async collaboration,3
Enterprise & AI > Work & HR Tech > Collaboration > Internal communications,3
Enterprise & AI > Work & HR Tech > Collaboration > Enterprise knowledge bases,4
Enterprise & AI > Work & HR Tech > Collaboration > AI meeting notetakers,3
Enterprise & AI > Work & HR Tech > Employee wellbeing > Mental-health benefits,3
Enterprise & AI > Work & HR Tech > Employee wellbeing > Caregiving benefits,5
Enterprise & AI > Work & HR Tech > Employee wellbeing > Benefits administration,4
Enterprise & AI > Work & HR Tech > Employee wellbeing > Recognition & rewards,3
Enterprise & AI > Work & HR Tech > Learning & development > L&D platforms,3
Enterprise & AI > Work & HR Tech > Learning & development > Coaching platforms,4
Enterprise & AI > Work & HR Tech > Learning & development > Compliance training,3
Enterprise & AI > Work & HR Tech > Learning & development > Mentoring software,3
Enterprise & AI > Work & HR Tech > Learning & development > Skills intelligence,4
Enterprise & AI > Work & HR Tech > Learning & development > Internal mobility,4
Enterprise & AI > Work & HR Tech > Global workforce > Employer of record,4
Enterprise & AI > Work & HR Tech > Global workforce > Payroll software,4
Enterprise & AI > Work & HR Tech > Global workforce > Contractor compliance,4
Enterprise & AI > Work & HR Tech > Global workforce > Global hiring,3
Enterprise & AI > Work & HR Tech > Global workforce > Employee relocation,3
Enterprise & AI > Work & HR Tech > Frontline workforce > Shift scheduling,4
Enterprise & AI > Work & HR Tech > Frontline workforce > Shift marketplaces,4
Enterprise & AI > Work & HR Tech > Frontline workforce > Frontline communication,4
Enterprise & AI > Work & HR Tech > Frontline workforce > Frontline training,4
Enterprise & AI > Work & HR Tech > Frontline workforce > Workforce management,3
Enterprise & AI > Legal & Compliance Tech > Legal AI > Contract AI,5
Enterprise & AI > Legal & Compliance Tech > Legal AI > Legal research AI,5
Enterprise & AI > Legal & Compliance Tech > Legal AI > eDiscovery,4
Enterprise & AI > Legal & Compliance Tech > Legal AI > Litigation analytics,4
Enterprise & AI > Legal & Compliance Tech > Legal AI > AI for small firms,5
Enterprise & AI > Legal & Compliance Tech > Legal operations > Contract lifecycle management,4
Enterprise & AI > Legal & Compliance Tech > Legal operations > Matter management,3
Enterprise & AI > Legal & Compliance Tech > Legal operations > Legal intake & triage,4
Enterprise & AI > Legal & Compliance Tech > Legal operations > Legal spend management,3
Enterprise & AI > Legal & Compliance Tech > Legal operations > Entity management,3
Enterprise & AI > Legal & Compliance Tech > Legal operations > Law-firm practice management,4
Enterprise & AI > Legal & Compliance Tech > Regulatory compliance > KYC & AML,4
Enterprise & AI > Legal & Compliance Tech > Regulatory compliance > Compliance automation,5
Enterprise & AI > Legal & Compliance Tech > Regulatory compliance > Regulatory monitoring,4
Enterprise & AI > Legal & Compliance Tech > Regulatory compliance > Policy management,3
Enterprise & AI > Legal & Compliance Tech > Regulatory compliance > Ethics & whistleblowing,3
Enterprise & AI > Legal & Compliance Tech > Privacy & data compliance > Consent management,3
Enterprise & AI > Legal & Compliance Tech > Privacy & data compliance > Data mapping & DSARs,4
Enterprise & AI > Legal & Compliance Tech > Privacy & data compliance > Privacy program automation,4
Enterprise & AI > Legal & Compliance Tech > Privacy & data compliance > Children's privacy compliance,4
Enterprise & AI > Legal & Compliance Tech > ESG & sustainability reporting > CSRD reporting,3
Enterprise & AI > Legal & Compliance Tech > ESG & sustainability reporting > Supply-chain due diligence,4
Enterprise & AI > Legal & Compliance Tech > ESG & sustainability reporting > ESG data platforms,3
Enterprise & AI > Legal & Compliance Tech > ESG & sustainability reporting > Product lifecycle assessment,3
Enterprise & AI > Legal & Compliance Tech > AI governance > AI risk management,5
Enterprise & AI > Legal & Compliance Tech > AI governance > Model inventories,4
Enterprise & AI > Legal & Compliance Tech > AI governance > AI audits,4
Enterprise & AI > Legal & Compliance Tech > AI governance > EU AI Act compliance,4
Enterprise & AI > Legal & Compliance Tech > Trade compliance > Tariff management,5
Enterprise & AI > Legal & Compliance Tech > Trade compliance > Customs brokerage tech,5
Enterprise & AI > Legal & Compliance Tech > Trade compliance > Country-of-origin tracking,4
Enterprise & AI > Legal & Compliance Tech > Trade compliance > Forced-labor compliance,4
Enterprise & AI > Legal & Compliance Tech > Trade compliance > Export controls,4
Enterprise & AI > Legal & Compliance Tech > Trade compliance > Sanctions screening,3
Enterprise & AI > Legal & Compliance Tech > IP management > Patent search AI,4
Enterprise & AI > Legal & Compliance Tech > IP management > IP portfolio management,3
Enterprise & AI > Legal & Compliance Tech > IP management > Trademark monitoring,3
Enterprise & AI > Legal & Compliance Tech > IP management > Open-source license compliance,3
Enterprise & AI > Marketing & Sales Tech > Generative marketing > AI content generation,4
Enterprise & AI > Marketing & Sales Tech > Generative marketing > Creative automation,4
Enterprise & AI > Marketing & Sales Tech > Generative marketing > AI video ads,5
Enterprise & AI > Marketing & Sales Tech > Generative marketing > Personalization engines,3
Enterprise & AI > Marketing & Sales Tech > Generative marketing > Generative engine optimization,5
Enterprise & AI > Marketing & Sales Tech > Lifecycle marketing > Email & SMS marketing,3
Enterprise & AI > Marketing & Sales Tech > Lifecycle marketing > Push & in-app messaging,3
Enterprise & AI > Marketing & Sales Tech > Lifecycle marketing > Referral programs,3
Enterprise & AI > Marketing & Sales Tech > Lifecycle marketing > Community-led growth tools,3
Enterprise & AI > Marketing & Sales Tech > Creator platforms > Influencer marketplaces,4
Enterprise & AI > Marketing & Sales Tech > Creator platforms > UGC marketplaces,4
Enterprise & AI > Marketing & Sales Tech > Creator platforms > Affiliate networks,3
Enterprise & AI > Marketing & Sales Tech > Creator platforms > Creator analytics,3
Enterprise & AI > Marketing & Sales Tech > Creator platforms > Creator payments,4
Enterprise & AI > Marketing & Sales Tech > Retail media & ads > Retail media networks,4
Enterprise & AI > Marketing & Sales Tech > Retail media & ads > CTV advertising,4
Enterprise & AI > Marketing & Sales Tech > Retail media & ads > Data clean rooms,4
Enterprise & AI > Marketing & Sales Tech > Retail media & ads > Ad measurement,4
Enterprise & AI > Marketing & Sales Tech > Analytics & attribution > Marketing mix modeling,4
Enterprise & AI > Marketing & Sales Tech > Analytics & attribution > Incrementality testing,4
Enterprise & AI > Marketing & Sales Tech > Analytics & attribution > Product analytics,3
Enterprise & AI > Marketing & Sales Tech > Analytics & attribution > Server-side tracking,3
Enterprise & AI > Marketing & Sales Tech > Analytics & attribution > Customer data platforms,3
Enterprise & AI > Marketing & Sales Tech > Customer support > AI support agents,5
Enterprise & AI > Marketing & Sales Tech > Customer support > Voice AI contact centers,5
Enterprise & AI > Marketing & Sales Tech > Customer support > Help desks,3
Enterprise & AI > Marketing & Sales Tech > Customer support > Support QA & analytics,4
Enterprise & AI > Marketing & Sales Tech > Event marketing > Event management platforms,3
Enterprise & AI > Marketing & Sales Tech > Event marketing > Trade-show tech,3
Enterprise & AI > Marketing & Sales Tech > Event marketing > Direct-mail automation,3
Enterprise & AI > Marketing & Sales Tech > Event marketing > Sponsorship marketplaces,3
Enterprise & AI > Marketing & Sales Tech > Sales tech > CRM,3
Enterprise & AI > Marketing & Sales Tech > Sales tech > AI SDRs,3
Enterprise & AI > Marketing & Sales Tech > Sales tech > Sales engagement,3
Enterprise & AI > Marketing & Sales Tech > Sales tech > Sales data & enrichment,3
Enterprise & AI > Marketing & Sales Tech > Sales tech > Sales enablement,4
Enterprise & AI > Marketing & Sales Tech > Sales tech > Revenue intelligence,3
Enterprise & AI > Marketing & Sales Tech > Sales tech > CPQ,4
Enterprise & AI > Commerce & Retail Tech > E-commerce enablement > Shopify-app ecosystem,4
Enterprise & AI > Commerce & Retail Tech > E-commerce enablement > Checkout & conversion,3
Enterprise & AI > Commerce & Retail Tech > E-commerce enablement > Product information management,3
Enterprise & AI > Commerce & Retail Tech > E-commerce enablement > Agentic commerce,5
Enterprise & AI > Commerce & Retail Tech > E-commerce enablement > Loyalty & gift cards,3
Enterprise & AI > Commerce & Retail Tech > Marketplace selling > Marketplace seller tools,4
Enterprise & AI > Commerce & Retail Tech > Marketplace selling > Social-commerce seller tools,4
Enterprise & AI > Commerce & Retail Tech > Marketplace selling > Wholesale marketplaces,3
Enterprise & AI > Commerce & Retail Tech > Marketplace selling > Cross-border e-commerce,4
Enterprise & AI > Commerce & Retail Tech > Retail operations > Inventory management,4
Enterprise & AI > Commerce & Retail Tech > Retail operations > Store analytics,3
Enterprise & AI > Commerce & Retail Tech > Retail operations > Retail robotics,3
Enterprise & AI > Commerce & Retail Tech > Retail operations > Loss prevention,4
Enterprise & AI > Commerce & Retail Tech > Fulfillment & post-purchase > Order management,3
Enterprise & AI > Commerce & Retail Tech > Fulfillment & post-purchase > Shipping software,3
Enterprise & AI > Commerce & Retail Tech > Fulfillment & post-purchase > Post-purchase experience,3
Enterprise & AI > Commerce & Retail Tech > Fulfillment & post-purchase > Fulfillment networks,3
Enterprise & AI > Commerce & Retail Tech > SMB operations > Booking & scheduling,4
Enterprise & AI > Commerce & Retail Tech > SMB operations > Invoicing & quotes,3
Enterprise & AI > Commerce & Retail Tech > SMB operations > Reviews & reputation,3
Enterprise & AI > Commerce & Retail Tech > SMB operations > AI receptionists,5
Enterprise & AI > Business Finance Tech > Accounting > Bookkeeping,5
Enterprise & AI > Business Finance Tech > Accounting > Financial reporting,3
Enterprise & AI > Business Finance Tech > Accounting > Close automation,4
Enterprise & AI > Business Finance Tech > Accounting > Sales-tax compliance,4
Enterprise & AI > Business Finance Tech > Accounting > AR automation,4
Enterprise & AI > Business Finance Tech > Spend management > Corporate cards,3
Enterprise & AI > Business Finance Tech > Spend management > Expense management,3
Enterprise & AI > Business Finance Tech > Spend management > Procurement,4
Enterprise & AI > Business Finance Tech > Spend management > AP automation,4
Enterprise & AI > Business Finance Tech > Business lending > Lines of credit,3
Enterprise & AI > Business Finance Tech > Business lending > Equipment financing,3
Enterprise & AI > Business Finance Tech > Business lending > Invoice financing,3
Enterprise & AI > Business Finance Tech > Business lending > Revenue-based financing,3
Enterprise & AI > Business Finance Tech > Corporate finance > Fundraising tools,3
Enterprise & AI > Business Finance Tech > Corporate finance > FP&A,4
Enterprise & AI > Business Finance Tech > Corporate finance > Treasury management,4
Enterprise & AI > Business Finance Tech > Corporate finance > M&A tools,3
Enterprise & AI > Business Finance Tech > Equity management > Cap-table software,3
Enterprise & AI > Business Finance Tech > Equity management > 409A valuations,3
Enterprise & AI > Business Finance Tech > Equity management > Employee equity tools,3
Enterprise & AI > Business Finance Tech > Equity management > Tender-offer tools,3
Enterprise & AI > Business Finance Tech > Fintech infrastructure > Payment processing,3
Enterprise & AI > Business Finance Tech > Fintech infrastructure > Banking-as-a-service,3
Enterprise & AI > Business Finance Tech > Fintech infrastructure > Embedded finance,4
Enterprise & AI > Business Finance Tech > Fintech infrastructure > Stablecoin rails,5
Planet & Frontier > Climate & Energy > Clean power > Utility-scale solar,3
Planet & Frontier > Climate & Energy > Clean power > Nuclear & SMRs,3
Planet & Frontier > Climate & Energy > Clean power > Geothermal,4
Planet & Frontier > Climate & Energy > Clean power > Community energy,3
Planet & Frontier > Climate & Energy > Clean power > Project development software,4
Planet & Frontier > Climate & Energy > Storage & grid > Batteries & storage,3
Planet & Frontier > Climate & Energy > Storage & grid > Long-duration storage,4
Planet & Frontier > Climate & Energy > Storage & grid > Grid modernization,4
Planet & Frontier > Climate & Energy > Storage & grid > Advanced transmission,3
Planet & Frontier > Climate & Energy > Storage & grid > Interconnection software,5
Planet & Frontier > Climate & Energy > Storage & grid > Virtual power plants,4
Planet & Frontier > Climate & Energy > Storage & grid > Data-center power,5
Planet & Frontier > Climate & Energy > Clean fuels & industry > Electrolyzers,3
Planet & Frontier > Climate & Energy > Clean fuels & industry > E-fuels & biofuels,3
Planet & Frontier > Climate & Energy > Clean fuels & industry > Industrial heat electrification,4
Planet & Frontier > Climate & Energy > Clean fuels & industry > Thermal energy storage,4
Planet & Frontier > Climate & Energy > Clean fuels & industry > Low-carbon chemicals,3
Planet & Frontier > Climate & Energy > Carbon > Carbon accounting,3
Planet & Frontier > Climate & Energy > Carbon > Carbon capture,3
Planet & Frontier > Climate & Energy > Carbon > Carbon removal,3
Planet & Frontier > Climate & Energy > Carbon > MRV platforms,4
Planet & Frontier > Climate & Energy > Carbon > Methane detection,4
Planet & Frontier > Climate & Energy > Water tech > Water purification,3
Planet & Frontier > Climate & Energy > Water tech > PFAS remediation,4
Planet & Frontier > Climate & Energy > Water tech > Water reuse,3
Planet & Frontier > Climate & Energy > Water tech > Desalination,3
Planet & Frontier > Climate & Energy > Water tech > Smart water meters,3
Planet & Frontier > Climate & Energy > Water tech > Leak detection,4
Planet & Frontier > Climate & Energy > Circular economy > Recycling tech,3
Planet & Frontier > Climate & Energy > Circular economy > E-waste recycling,3
Planet & Frontier > Climate & Energy > Circular economy > Textile recycling,3
Planet & Frontier > Climate & Energy > Circular economy > Reuse & refill systems,3
Planet & Frontier > Climate & Energy > Circular economy > Waste management,3
Planet & Frontier > Climate & Energy > Circular economy > Sustainable materials,3
Planet & Frontier > Climate & Energy > Circular economy > Sustainable packaging,3
Planet & Frontier > Climate & Energy > Climate adaptation > Climate-risk analytics,4
Planet & Frontier > Climate & Energy > Climate adaptation > Wildfire tech,4
Planet & Frontier > Climate & Energy > Climate adaptation > Flood resilience,4
Planet & Frontier > Climate & Energy > Climate adaptation > Drought resilience,3
Planet & Frontier > Climate & Energy > Climate adaptation > Extreme-heat solutions,3
Planet & Frontier > Climate & Energy > EV infrastructure > Charging networks,3
Planet & Frontier > Climate & Energy > EV infrastructure > Charging management software,4
Planet & Frontier > Climate & Energy > EV infrastructure > Vehicle-to-grid,3
Planet & Frontier > Climate & Energy > EV infrastructure > Fleet electrification,4
Planet & Frontier > Climate & Energy > EV infrastructure > Battery recycling,3
Planet & Frontier > Agriculture & Food Systems > Precision agriculture > Farm data platforms,3
Planet & Frontier > Agriculture & Food Systems > Precision agriculture > Aerial crop scouting,3
Planet & Frontier > Agriculture & Food Systems > Precision agriculture > Precision irrigation,3
Planet & Frontier > Agriculture & Food Systems > Precision agriculture > Variable-rate application,3
Planet & Frontier > Agriculture & Food Systems > Precision agriculture > Soil sensing,3
Planet & Frontier > Agriculture & Food Systems > Precision agriculture > Greenhouse tech,3
Planet & Frontier > Agriculture & Food Systems > Ag robotics > Harvest robots,4
Planet & Frontier > Agriculture & Food Systems > Ag robotics > Autonomous tractors,3
Planet & Frontier > Agriculture & Food Systems > Ag robotics > Weeding robots,4
Planet & Frontier > Agriculture & Food Systems > Ag robotics > Milking robots,3
Planet & Frontier > Agriculture & Food Systems > Ag biologicals & genetics > Biostimulants,4
Planet & Frontier > Agriculture & Food Systems > Ag biologicals & genetics > Biopesticides,4
Planet & Frontier > Agriculture & Food Systems > Ag biologicals & genetics > Gene-edited crops,3
Planet & Frontier > Agriculture & Food Systems > Ag biologicals & genetics > Regenerative ag programs,3
Planet & Frontier > Agriculture & Food Systems > Livestock & aquaculture > Aquaculture tech,3
Planet & Frontier > Agriculture & Food Systems > Livestock & aquaculture > Livestock monitoring,4
Planet & Frontier > Agriculture & Food Systems > Livestock & aquaculture > Methane-reducing feed,4
Planet & Frontier > Agriculture & Food Systems > Livestock & aquaculture > Livestock health diagnostics,3
Planet & Frontier > Agriculture & Food Systems > Alternative proteins > Precision fermentation,4
Planet & Frontier > Agriculture & Food Systems > Alternative proteins > Biomass fermentation,3
Planet & Frontier > Agriculture & Food Systems > Alternative proteins > Alt-dairy,3
Planet & Frontier > Agriculture & Food Systems > Alternative proteins > Fermentation scale-up facilities,3
Planet & Frontier > Agriculture & Food Systems > Food supply chain > Food traceability,4
Planet & Frontier > Agriculture & Food Systems > Food supply chain > Cold chain,3
Planet & Frontier > Agriculture & Food Systems > Food supply chain > Food-safety testing,4
Planet & Frontier > Agriculture & Food Systems > Food supply chain > Farm-to-business marketplaces,3
Planet & Frontier > Agriculture & Food Systems > Farm operations & finance > Farm management software,3
Planet & Frontier > Agriculture & Food Systems > Farm operations & finance > Ag lending,3
Planet & Frontier > Agriculture & Food Systems > Farm operations & finance > Farm labor marketplaces,3
Planet & Frontier > Agriculture & Food Systems > Farm operations & finance > Grain marketing tools,3
Planet & Frontier > Industry & Supply Chain > Smart manufacturing > Reshoring platforms,3
Planet & Frontier > Industry & Supply Chain > Smart manufacturing > Contract-manufacturing marketplaces,4
Planet & Frontier > Industry & Supply Chain > Smart manufacturing > Factory automation,4
Planet & Frontier > Industry & Supply Chain > Smart manufacturing > Cobots,3
Planet & Frontier > Industry & Supply Chain > Smart manufacturing > Manufacturing execution systems,4
Planet & Frontier > Industry & Supply Chain > Smart manufacturing > Industrial AI copilots,5
Planet & Frontier > Industry & Supply Chain > Additive manufacturing > Industrial 3D printing,3
Planet & Frontier > Industry & Supply Chain > Additive manufacturing > Metal additive,3
Planet & Frontier > Industry & Supply Chain > Additive manufacturing > On-demand parts,4
Planet & Frontier > Industry & Supply Chain > Additive manufacturing > Digital spare-parts inventory,4
Planet & Frontier > Industry & Supply Chain > Industrial IoT > Predictive maintenance,4
Planet & Frontier > Industry & Supply Chain > Industrial IoT > Industrial sensors,3
Planet & Frontier > Industry & Supply Chain > Industrial IoT > Digital twins,3
Planet & Frontier > Industry & Supply Chain > Industrial IoT > Machine-vision QC,4
Planet & Frontier > Industry & Supply Chain > Industrial IoT > OT security,5
Planet & Frontier > Industry & Supply Chain > Freight & shipping > Freight marketplaces,3
Planet & Frontier > Industry & Supply Chain > Freight & shipping > Freight visibility,3
Planet & Frontier > Industry & Supply Chain > Freight & shipping > Freight audit & payment,4
Planet & Frontier > Industry & Supply Chain > Freight & shipping > Autonomous trucking,3
Planet & Frontier > Industry & Supply Chain > Freight & shipping > Maritime tech,3
Planet & Frontier > Industry & Supply Chain > Freight & shipping > Air cargo tech,3
Planet & Frontier > Industry & Supply Chain > Warehousing > Warehouse robotics,4
Planet & Frontier > Industry & Supply Chain > Warehousing > Warehouse management systems,3
Planet & Frontier > Industry & Supply Chain > Warehousing > On-demand warehousing,3
Planet & Frontier > Industry & Supply Chain > Warehousing > 3PL marketplaces,3
Planet & Frontier > Industry & Supply Chain > Last-mile delivery > Route optimization,3
Planet & Frontier > Industry & Supply Chain > Last-mile delivery > Parcel lockers,3
Planet & Frontier > Industry & Supply Chain > Last-mile delivery > Delivery drones,3
Planet & Frontier > Industry & Supply Chain > Last-mile delivery > Delivery management software,3
Planet & Frontier > Industry & Supply Chain > Reverse logistics > Returns management,4
Planet & Frontier > Industry & Supply Chain > Reverse logistics > B2B recommerce,4
Planet & Frontier > Industry & Supply Chain > Reverse logistics > Liquidation marketplaces,3
Planet & Frontier > Industry & Supply Chain > Reverse logistics > Refurbishment,3
Planet & Frontier > Industry & Supply Chain > Reverse logistics > Repair networks,3
Planet & Frontier > Industry & Supply Chain > Critical minerals > AI mineral exploration,4
Planet & Frontier > Industry & Supply Chain > Critical minerals > Mining automation,3
Planet & Frontier > Industry & Supply Chain > Critical minerals > Rare-earth processing,4
Planet & Frontier > Industry & Supply Chain > Critical minerals > Rare-earth magnets,5
Planet & Frontier > Industry & Supply Chain > Critical minerals > Battery-metal refining,4
Planet & Frontier > Industry & Supply Chain > Critical minerals > Urban mining,3
Planet & Frontier > Built Environment > Property management > Property-management software,3
Planet & Frontier > Built Environment > Property management > Resident screening,3
Planet & Frontier > Built Environment > Property management > Rent collection,3
Planet & Frontier > Built Environment > Property management > Maintenance coordination,4
Planet & Frontier > Built Environment > Property management > Short-term rental operations,3
Planet & Frontier > Built Environment > Commercial real estate tech > Lease management,3
Planet & Frontier > Built Environment > Commercial real estate tech > CRE analytics,3
Planet & Frontier > Built Environment > Commercial real estate tech > Space planning,3
Planet & Frontier > Built Environment > Commercial real estate tech > Flex-space marketplaces,3
Planet & Frontier > Built Environment > Construction tech > Construction project management,4
Planet & Frontier > Built Environment > Construction tech > BIM software,3
Planet & Frontier > Built Environment > Construction tech > Takeoff & estimating AI,5
Planet & Frontier > Built Environment > Construction tech > Jobsite safety monitoring,4
Planet & Frontier > Built Environment > Construction tech > Prefab & modular,3
Planet & Frontier > Built Environment > Construction tech > Construction robotics,3
Planet & Frontier > Built Environment > Construction tech > Permitting automation,5
Planet & Frontier > Built Environment > Construction supply chain > Materials procurement,4
Planet & Frontier > Built Environment > Construction supply chain > Subcontractor marketplaces,4
Planet & Frontier > Built Environment > Construction supply chain > Construction payments & lien waivers,4
Planet & Frontier > Built Environment > Construction supply chain > Equipment rental,3
Planet & Frontier > Built Environment > Smart buildings > Building automation,3
Planet & Frontier > Built Environment > Smart buildings > Building energy management,4
Planet & Frontier > Built Environment > Smart buildings > HVAC optimization,4
Planet & Frontier > Built Environment > Smart buildings > Access control,3
Planet & Frontier > Built Environment > Smart buildings > Building electrification retrofits,4
Planet & Frontier > Built Environment > Real estate transactions > Brokerage tech,3
Planet & Frontier > Built Environment > Real estate transactions > Transaction management,3
Planet & Frontier > Built Environment > Real estate transactions > Home valuation,3
Planet & Frontier > Built Environment > Real estate transactions > Mortgage tech,3
Planet & Frontier > Built Environment > Real estate transactions > Title & escrow,4
Planet & Frontier > Built Environment > Housing supply > Zoning analytics,4
Planet & Frontier > Built Environment > Housing supply > Land acquisition platforms,3
Planet & Frontier > Built Environment > Housing supply > Affordable-housing development tools,4
Planet & Frontier > Built Environment > Housing supply > Office-to-residential conversion,3
Planet & Frontier > Biotech & Life Sciences > AI drug discovery > Protein design,5
Planet & Frontier > Biotech & Life Sciences > AI drug discovery > Antibody design,5
Planet & Frontier > Biotech & Life Sciences > AI drug discovery > Target discovery,4
Planet & Frontier > Biotech & Life Sciences > AI drug discovery > Generative chemistry,4
Planet & Frontier > Biotech & Life Sciences > AI drug discovery > Virtual cell models,4
Planet & Frontier > Biotech & Life Sciences > Gene & cell therapy > Gene editing,4
Planet & Frontier > Biotech & Life Sciences > Gene & cell therapy > CAR-T & cell therapy,4
Planet & Frontier > Biotech & Life Sciences > Gene & cell therapy > Gene delivery,4
Planet & Frontier > Biotech & Life Sciences > Gene & cell therapy > RNA therapeutics,4
Planet & Frontier > Biotech & Life Sciences > Gene & cell therapy > Cell-therapy manufacturing,4
Planet & Frontier > Biotech & Life Sciences > Diagnostics & biosensors > Liquid biopsy,4
Planet & Frontier > Biotech & Life Sciences > Diagnostics & biosensors > Multi-cancer early detection,3
Planet & Frontier > Biotech & Life Sciences > Diagnostics & biosensors > Continuous biosensors,4
Planet & Frontier > Biotech & Life Sciences > Diagnostics & biosensors > Point-of-care diagnostics,4
Planet & Frontier > Biotech & Life Sciences > Diagnostics & biosensors > Companion diagnostics,3
Planet & Frontier > Biotech & Life Sciences > Clinical trials > Decentralized trials,3
Planet & Frontier > Biotech & Life Sciences > Clinical trials > Patient recruitment,4
Planet & Frontier > Biotech & Life Sciences > Clinical trials > AI protocol design,5
Planet & Frontier > Biotech & Life Sciences > Clinical trials > Trial data platforms,4
Planet & Frontier > Biotech & Life Sciences > Clinical trials > Real-world evidence,4
Planet & Frontier > Biotech & Life Sciences > Lab tools & automation > Lab robotics,4
Planet & Frontier > Biotech & Life Sciences > Lab tools & automation > Cloud labs,3
Planet & Frontier > Biotech & Life Sciences > Lab tools & automation > ELN & LIMS,3
Planet & Frontier > Biotech & Life Sciences > Lab tools & automation > Single-cell & spatial omics,4
Planet & Frontier > Biotech & Life Sciences > Lab tools & automation > Lab supply marketplaces,3
Planet & Frontier > Biotech & Life Sciences > Synthetic biology > Biomanufacturing,4
Planet & Frontier > Biotech & Life Sciences > Synthetic biology > Engineered microbes,3
Planet & Frontier > Biotech & Life Sciences > Synthetic biology > Biomaterials,3
Planet & Frontier > Biotech & Life Sciences > Synthetic biology > DNA synthesis,4
Planet & Frontier > Biotech & Life Sciences > Synthetic biology > Cell-free systems,3
Planet & Frontier > Biotech & Life Sciences > Biotech services > AI-enabled CROs,4
Planet & Frontier > Biotech & Life Sciences > Biotech services > CDMO capacity marketplaces,3
Planet & Frontier > Biotech & Life Sciences > Biotech services > Regulatory submission software,4
Planet & Frontier > Biotech & Life Sciences > Biotech services > IP & licensing platforms,3
Planet & Frontier > Biotech & Life Sciences > Longevity biotech > Senolytics,3
Planet & Frontier > Biotech & Life Sciences > Longevity biotech > Cellular reprogramming,3
Planet & Frontier > Biotech & Life Sciences > Longevity biotech > Aging biomarker discovery,3
Planet & Frontier > Biotech & Life Sciences > Longevity biotech > Geroscience drug repurposing,3
Planet & Frontier > Aerospace & Defense > Launch & in-space > In-space servicing,3
Planet & Frontier > Aerospace & Defense > Launch & in-space > In-space manufacturing,3
Planet & Frontier > Aerospace & Defense > Launch & in-space > Orbital transfer vehicles,4
Planet & Frontier > Aerospace & Defense > Launch & in-space > Spaceport services,3
Planet & Frontier > Aerospace & Defense > Satellites & space data > Earth-observation imagery,3
Planet & Frontier > Aerospace & Defense > Satellites & space data > Geospatial analytics,5
Planet & Frontier > Aerospace & Defense > Satellites & space data > Direct-to-device satellite,3
Planet & Frontier > Aerospace & Defense > Satellites & space data > Smallsat components,4
Planet & Frontier > Aerospace & Defense > Satellites & space data > Space situational awareness,4
Planet & Frontier > Aerospace & Defense > Next-gen aviation > Electric & hybrid aircraft,3
Planet & Frontier > Aerospace & Defense > Next-gen aviation > Regional air mobility,3
Planet & Frontier > Aerospace & Defense > Next-gen aviation > Sustainable aviation fuel,3
Planet & Frontier > Aerospace & Defense > Next-gen aviation > Aviation maintenance tech,4
Planet & Frontier > Aerospace & Defense > Defense tech > Dual-use hardware,4
Planet & Frontier > Aerospace & Defense > Defense tech > Defense software,5
Planet & Frontier > Aerospace & Defense > Defense tech > Sensors & ISR,4
Planet & Frontier > Aerospace & Defense > Defense tech > Autonomous systems,5
Planet & Frontier > Aerospace & Defense > Defense tech > Electronic warfare,4
Planet & Frontier > Aerospace & Defense > Defense tech > Missile defense,3
Planet & Frontier > Aerospace & Defense > Defense tech > Defense manufacturing,4
Planet & Frontier > Aerospace & Defense > Defense tech > Defense procurement tools,4
Planet & Frontier > Aerospace & Defense > Drones & counter-drone > Military drones,5
Planet & Frontier > Aerospace & Defense > Drones & counter-drone > Commercial drones,3
Planet & Frontier > Aerospace & Defense > Drones & counter-drone > Drone inspection services,3
Planet & Frontier > Aerospace & Defense > Drones & counter-drone > Drone components,4
Planet & Frontier > Aerospace & Defense > Drones & counter-drone > Drone traffic management,3
Planet & Frontier > Aerospace & Defense > Drones & counter-drone > Counter-drone systems,5
Planet & Frontier > Deep Tech > Semiconductors & AI chips > AI accelerators,3
Planet & Frontier > Deep Tech > Semiconductors & AI chips > Low-power edge chips,4
Planet & Frontier > Deep Tech > Semiconductors & AI chips > Chip design tools,4
Planet & Frontier > Deep Tech > Semiconductors & AI chips > Photonics,4
Planet & Frontier > Deep Tech > Semiconductors & AI chips > Advanced packaging,3
Planet & Frontier > Deep Tech > Semiconductors & AI chips > Semiconductor equipment,3
Planet & Frontier > Deep Tech > Quantum computing > Quantum hardware,3
Planet & Frontier > Deep Tech > Quantum computing > Quantum software,3
Planet & Frontier > Deep Tech > Quantum computing > Quantum sensing,4
Planet & Frontier > Deep Tech > Quantum computing > Quantum networking,3
Planet & Frontier > Deep Tech > Quantum computing > Post-quantum cryptography,5
Planet & Frontier > Deep Tech > Robotics > Humanoid robots,3
Planet & Frontier > Deep Tech > Robotics > Robot foundation models,5
Planet & Frontier > Deep Tech > Robotics > Robot training data,5
Planet & Frontier > Deep Tech > Robotics > Actuators & dexterous hands,4
Planet & Frontier > Deep Tech > Robotics > Service robots,3
Planet & Frontier > Deep Tech > Robotics > Robotics-as-a-service,4
Planet & Frontier > Deep Tech > Neurotech & BCI > Implantable BCIs,3
Planet & Frontier > Deep Tech > Neurotech & BCI > Non-invasive BCIs,3
Planet & Frontier > Deep Tech > Neurotech & BCI > Neuroprosthetics,3
Planet & Frontier > Deep Tech > Neurotech & BCI > Neurostimulation,4
Planet & Frontier > Deep Tech > Neurotech & BCI > Neural data platforms,3
Planet & Frontier > Deep Tech > Advanced materials > AI materials discovery,5
Planet & Frontier > Deep Tech > Advanced materials > Next-gen batteries,3
Planet & Frontier > Deep Tech > Advanced materials > Advanced composites,3
Planet & Frontier > Deep Tech > Advanced materials > Metamaterials,3
Planet & Frontier > Deep Tech > Advanced materials > Low-carbon cement & steel,4
Planet & Frontier > Public Interest & Impact > GovTech > Permitting software,5
Planet & Frontier > Public Interest & Impact > GovTech > Benefits access,4
Planet & Frontier > Public Interest & Impact > GovTech > Government procurement,3
Planet & Frontier > Public Interest & Impact > GovTech > Legacy-system modernization,4
Planet & Frontier > Public Interest & Impact > GovTech > Government AI assistants,4
Planet & Frontier > Public Interest & Impact > GovTech > Public records & FOIA,3
Planet & Frontier > Public Interest & Impact > Public safety > 911 & dispatch tech,4
Planet & Frontier > Public Interest & Impact > Public safety > Emergency alerting,3
Planet & Frontier > Public Interest & Impact > Public safety > Early-warning systems,3
Planet & Frontier > Public Interest & Impact > Public safety > Disaster response,3
Planet & Frontier > Public Interest & Impact > Public safety > Evidence management,3
Planet & Frontier > Public Interest & Impact > Smart cities & transit > Transit tech,3
Planet & Frontier > Public Interest & Impact > Smart cities & transit > Microtransit,3
Planet & Frontier > Public Interest & Impact > Smart cities & transit > Traffic management,3
Planet & Frontier > Public Interest & Impact > Smart cities & transit > Curb management,3
Planet & Frontier > Public Interest & Impact > Smart cities & transit > Road-safety analytics,3
Planet & Frontier > Public Interest & Impact > Accessibility tech > AAC devices,3
Planet & Frontier > Public Interest & Impact > Accessibility tech > Live captioning,4
Planet & Frontier > Public Interest & Impact > Accessibility tech > Sign-language AI,4
Planet & Frontier > Public Interest & Impact > Accessibility tech > Cognitive-accessibility tools,3
Planet & Frontier > Public Interest & Impact > Accessibility tech > Prosthetics & mobility aids,3
Planet & Frontier > Public Interest & Impact > Accessibility tech > Accessibility compliance,5
Planet & Frontier > Public Interest & Impact > Nonprofit tech > Fundraising platforms,4
Planet & Frontier > Public Interest & Impact > Nonprofit tech > Nonprofit CRM,3
Planet & Frontier > Public Interest & Impact > Nonprofit tech > Volunteer management,3
Planet & Frontier > Public Interest & Impact > Nonprofit tech > Grant-seeking tools,4
Planet & Frontier > Public Interest & Impact > Nonprofit tech > Grantmaking software,3
Planet & Frontier > Public Interest & Impact > Nonprofit tech > Impact measurement,3
Planet & Frontier > Public Interest & Impact > Global development > Emerging-market edtech,3
Planet & Frontier > Public Interest & Impact > Global development > Last-mile health delivery,3
Planet & Frontier > Public Interest & Impact > Global development > Off-grid energy,4
Planet & Frontier > Public Interest & Impact > Global development > Smallholder agtech,3
Planet & Frontier > Public Interest & Impact > Global development > Financial-inclusion infrastructure,3
Planet & Frontier > Public Interest & Impact > Civic participation & justice > Access to justice,3
Planet & Frontier > Public Interest & Impact > Civic participation & justice > Court modernization,3
Planet & Frontier > Public Interest & Impact > Civic participation & justice > Reentry services,3
Planet & Frontier > Public Interest & Impact > Civic participation & justice > Record expungement,3
