path,models
Health & Wellness > Prevention & Diagnostics > Health screenings > Executive physicals,
Health & Wellness > Prevention & Diagnostics > Health screenings > Preventive blood panels,
Health & Wellness > Prevention & Diagnostics > Health screenings > Cancer screening,
Health & Wellness > Prevention & Diagnostics > Health screenings > Cardiovascular screening,
Health & Wellness > Prevention & Diagnostics > At-home testing > Home lab kits,
Health & Wellness > Prevention & Diagnostics > At-home testing > Blood-test memberships,
Health & Wellness > Prevention & Diagnostics > At-home testing > Hormone tests,
Health & Wellness > Prevention & Diagnostics > Early-detection imaging > Whole-body MRI,
Health & Wellness > Prevention & Diagnostics > Early-detection imaging > Coronary calcium scoring,
Health & Wellness > Prevention & Diagnostics > Early-detection imaging > DEXA body scans,
Health & Wellness > Prevention & Diagnostics > Early-detection imaging > Mole mapping,
Health & Wellness > Prevention & Diagnostics > Genomics > Whole-genome sequencing,
Health & Wellness > Prevention & Diagnostics > Genomics > Epigenetic age clocks,
Health & Wellness > Prevention & Diagnostics > Genomics > Pharmacogenomics,
Health & Wellness > Prevention & Diagnostics > Genomics > Hereditary risk panels,
Health & Wellness > Prevention & Diagnostics > Environmental health > Indoor air quality,service-business content
Health & Wellness > Prevention & Diagnostics > Environmental health > Water testing & filtration,
Health & Wellness > Prevention & Diagnostics > Environmental health > Mold & toxin testing,
Health & Wellness > Prevention & Diagnostics > Environmental health > Microplastics testing,
Health & Wellness > Nutrition & Metabolic Health > GLP-1 economy > GLP-1 telehealth,
Health & Wellness > Nutrition & Metabolic Health > GLP-1 economy > Oral GLP-1s,
Health & Wellness > Nutrition & Metabolic Health > GLP-1 economy > Muscle preservation,content
Health & Wellness > Nutrition & Metabolic Health > GLP-1 economy > GLP-1 companion foods,content
Health & Wellness > Nutrition & Metabolic Health > GLP-1 economy > Maintenance & off-ramp,content
Health & Wellness > Nutrition & Metabolic Health > Personalized nutrition > Microbiome testing,
Health & Wellness > Nutrition & Metabolic Health > Personalized nutrition > CGM programs,
Health & Wellness > Nutrition & Metabolic Health > Personalized nutrition > AI meal planning,no-code-friendly
Health & Wellness > Nutrition & Metabolic Health > Personalized nutrition > Metabolic health,content
Health & Wellness > Nutrition & Metabolic Health > Sports nutrition > Endurance fueling,content
Health & Wellness > Nutrition & Metabolic Health > Sports nutrition > Strength & protein,content
Health & Wellness > Nutrition & Metabolic Health > Sports nutrition > Hydration & electrolytes,
Health & Wellness > Nutrition & Metabolic Health > Special diets > Plant-based,content
Health & Wellness > Nutrition & Metabolic Health > Special diets > Gluten-free,content
Health & Wellness > Nutrition & Metabolic Health > Special diets > Culturally tailored diets,content no-code-friendly
Health & Wellness > Nutrition & Metabolic Health > Supplements > Vitamins & minerals,
Health & Wellness > Nutrition & Metabolic Health > Supplements > Protein powders,
Health & Wellness > Nutrition & Metabolic Health > Supplements > Creatine,
Health & Wellness > Nutrition & Metabolic Health > Supplements > Probiotics,
Health & Wellness > Nutrition & Metabolic Health > Supplements > Longevity supplements,
Health & Wellness > Nutrition & Metabolic Health > Clinical nutrition > Dietitian telehealth,
Health & Wellness > Nutrition & Metabolic Health > Clinical nutrition > Medical nutrition therapy,
Health & Wellness > Nutrition & Metabolic Health > Clinical nutrition > Eating-disorder treatment,
Health & Wellness > Fitness & Recovery > Cardio & endurance > Running,content
Health & Wellness > Fitness & Recovery > Cardio & endurance > Cycling,content
Health & Wellness > Fitness & Recovery > Cardio & endurance > Zone-2 & VO2max training,content
Health & Wellness > Fitness & Recovery > Mobility & flexibility > Stretching,content
Health & Wellness > Fitness & Recovery > Mobility & flexibility > Yoga,service-business content
Health & Wellness > Fitness & Recovery > Mobility & flexibility > Pilates,content
Health & Wellness > Fitness & Recovery > Connected fitness > Home gyms,
Health & Wellness > Fitness & Recovery > Connected fitness > Fitness equipment,
Health & Wellness > Fitness & Recovery > Connected fitness > Workout apps,no-code-friendly
Health & Wellness > Fitness & Recovery > Connected fitness > Virtual coaching,service-business no-code-friendly
Health & Wellness > Fitness & Recovery > Connected fitness > AI personal trainers,no-code-friendly
Health & Wellness > Fitness & Recovery > Athletic recovery > Sauna & heat,
Health & Wellness > Fitness & Recovery > Athletic recovery > Cold plunge,
Health & Wellness > Fitness & Recovery > Athletic recovery > Compression,
Health & Wellness > Fitness & Recovery > Athletic recovery > Red-light therapy,
Health & Wellness > Fitness & Recovery > Athletic recovery > Social bathhouses,
Health & Wellness > Fitness & Recovery > Gyms & studios > Boutique franchises,
Health & Wellness > Fitness & Recovery > Gyms & studios > Budget gyms,
Health & Wellness > Fitness & Recovery > Gyms & studios > Climbing gyms,
Health & Wellness > Fitness & Recovery > Gyms & studios > Gym management software,no-code-friendly
Health & Wellness > Fitness & Recovery > Adaptive & inclusive fitness > Senior fitness,service-business content
Health & Wellness > Fitness & Recovery > Adaptive & inclusive fitness > Plus-size fitness,service-business content
Health & Wellness > Fitness & Recovery > Adaptive & inclusive fitness > Adaptive training,service-business
Health & Wellness > Fitness & Recovery > Adaptive & inclusive fitness > Prenatal & postnatal fitness,service-business content
Health & Wellness > Fitness & Recovery > Youth sports > Skills training,service-business
Health & Wellness > Fitness & Recovery > Youth sports > College recruiting,service-business content
Health & Wellness > Fitness & Recovery > Youth sports > League & club software,no-code-friendly
Health & Wellness > Sleep > Sleep optimization > Sleep trackers,
Health & Wellness > Sleep > Sleep optimization > Routines & coaching,service-business content
Health & Wellness > Sleep > Sleep optimization > Cooling & smart beds,
Health & Wellness > Sleep > Sleep optimization > Circadian lighting,
Health & Wellness > Sleep > Sleep disorders > Insomnia & CBT-I,content
Health & Wellness > Sleep > Sleep disorders > Sleep apnea,
Health & Wellness > Sleep > Infant & child sleep > Sleep consultants,service-business content
Health & Wellness > Sleep > Infant & child sleep > Smart bassinets,
Health & Wellness > Sleep > Infant & child sleep > Sleep-training apps,no-code-friendly
Health & Wellness > Sleep > Sleep products > Mattresses & bedding,
Health & Wellness > Sleep > Sleep products > Sleep audio apps,content no-code-friendly
Health & Wellness > Sleep > Sleep products > Snoring solutions,
Health & Wellness > Mental Health > Anxiety & mood > Generalized anxiety,
Health & Wellness > Mental Health > Anxiety & mood > Social anxiety,
Health & Wellness > Mental Health > Anxiety & mood > Performance anxiety,
Health & Wellness > Mental Health > Anxiety & mood > OCD,
Health & Wellness > Mental Health > Anxiety & mood > Major depression,
Health & Wellness > Mental Health > Anxiety & mood > Perinatal depression,
Health & Wellness > Mental Health > Stress & burnout > Burnout,service-business content
Health & Wellness > Mental Health > Stress & burnout > Workplace stress,service-business
Health & Wellness > Mental Health > Therapy access > Individual therapy,
Health & Wellness > Mental Health > Therapy access > Couples therapy,
Health & Wellness > Mental Health > Therapy access > Family therapy,
Health & Wellness > Mental Health > Therapy access > Online therapy,
Health & Wellness > Mental Health > Therapy access > Therapist matching,marketplace
Health & Wellness > Mental Health > Trauma & PTSD > PTSD,
Health & Wellness > Mental Health > Trauma & PTSD > Complex trauma,
Health & Wellness > Mental Health > Trauma & PTSD > Abuse recovery,
Health & Wellness > Mental Health > Trauma & PTSD > Domestic-violence support,
Health & Wellness > Mental Health > Addiction recovery > Alcohol moderation,content
Health & Wellness > Mental Health > Addiction recovery > Gambling addiction,
Health & Wellness > Mental Health > Addiction recovery > Opioid recovery,
Health & Wellness > Mental Health > Addiction recovery > Vaping cessation,
Health & Wellness > Mental Health > Addiction recovery > Recovery communities,content
Health & Wellness > Mental Health > Digital mental health > Mental-health apps,
Health & Wellness > Mental Health > Digital mental health > Digital therapeutics,
Health & Wellness > Mental Health > Digital mental health > AI mental-health companions,
Health & Wellness > Mental Health > Digital mental health > Peer-support communities,content
Health & Wellness > Mental Health > Acute & advanced care > Crisis & suicide prevention,
Health & Wellness > Mental Health > Acute & advanced care > Serious mental illness,
Health & Wellness > Mental Health > Acute & advanced care > Psychedelic-assisted therapy,
Health & Wellness > Mental Health > Acute & advanced care > Ketamine & TMS clinics,
Health & Wellness > Mental Health > Population-focused care > Men's mental health,content
Health & Wellness > Mental Health > Population-focused care > Youth mental health,
Health & Wellness > Mental Health > Population-focused care > LGBTQ+ affirmative therapy,
Health & Wellness > Mental Health > Population-focused care > Culturally responsive therapy,
Health & Wellness > Mental Health > Population-focused care > Faith-based counseling,
Health & Wellness > Sexual & Reproductive Health > Fertility & family building > IVF & fertility clinics,
Health & Wellness > Sexual & Reproductive Health > Fertility & family building > Egg freezing,
Health & Wellness > Sexual & Reproductive Health > Fertility & family building > Male fertility,
Health & Wellness > Sexual & Reproductive Health > Fertility & family building > Donor & surrogacy,
Health & Wellness > Sexual & Reproductive Health > Fertility & family building > Fertility benefits,
Health & Wellness > Sexual & Reproductive Health > Pregnancy & postpartum > Prenatal care,
Health & Wellness > Sexual & Reproductive Health > Pregnancy & postpartum > Doulas & birth support,service-business marketplace
Health & Wellness > Sexual & Reproductive Health > Pregnancy & postpartum > Postpartum recovery,content
Health & Wellness > Sexual & Reproductive Health > Pregnancy & postpartum > Pregnancy-loss support,content
Health & Wellness > Sexual & Reproductive Health > Pregnancy & postpartum > Lactation support,service-business content
Health & Wellness > Sexual & Reproductive Health > Contraception > Birth-control telehealth,
Health & Wellness > Sexual & Reproductive Health > Contraception > Vasectomy,
Health & Wellness > Sexual & Reproductive Health > Contraception > Male contraception,
Health & Wellness > Sexual & Reproductive Health > Sexual health services > STI testing,
Health & Wellness > Sexual & Reproductive Health > Sexual health services > PrEP access,
Health & Wellness > Sexual & Reproductive Health > Sexual health services > Erectile dysfunction,
Health & Wellness > Sexual & Reproductive Health > Sexual health services > Low libido,
Health & Wellness > Sexual & Reproductive Health > Sexual wellness > Sex tech & devices,
Health & Wellness > Sexual & Reproductive Health > Sexual wellness > Sex education platforms,content
Health & Wellness > Sexual & Reproductive Health > Sexual wellness > Sexual wellness apps,
Health & Wellness > Aging & Longevity > Healthy aging > Senior mobility,
Health & Wellness > Aging & Longevity > Healthy aging > Cognitive fitness,
Health & Wellness > Aging & Longevity > Healthy aging > Sarcopenia programs,
Health & Wellness > Aging & Longevity > Healthy aging > Healthy-aging coaching,service-business content
Health & Wellness > Aging & Longevity > Longevity medicine > Longevity clinics,
Health & Wellness > Aging & Longevity > Longevity medicine > Longevity telehealth,
Health & Wellness > Aging & Longevity > Longevity medicine > Biomarker tracking,
Health & Wellness > Aging & Longevity > Longevity medicine > Healthspan programs,
Health & Wellness > Aging & Longevity > Biohacking > Longevity data dashboards,
Health & Wellness > Aging & Longevity > Biohacking > Smart rings,
Health & Wellness > Aging & Longevity > Age tech > Fall detection,
Health & Wellness > Aging & Longevity > Age tech > Passive home monitoring,
Health & Wellness > Aging & Longevity > Age tech > Aging in place,service-business
Health & Wellness > Aging & Longevity > Age tech > Senior-friendly devices,
Health & Wellness > Aging & Longevity > Age tech > Senior tech support,service-business
Health & Wellness > Aging & Longevity > Age tech > Solo aging,content
Health & Wellness > Aging & Longevity > Age tech > Senior social connection,content
Health & Wellness > Aging & Longevity > Caregiving > Care coordination,service-business
Health & Wellness > Aging & Longevity > Caregiving > Respite care,
Health & Wellness > Aging & Longevity > Caregiving > Family caregiver support,service-business content
Health & Wellness > Aging & Longevity > Caregiving > Paid family caregiving,
Health & Wellness > Aging & Longevity > Caregiving > Caregiver marketplaces,marketplace
Health & Wellness > Aging & Longevity > Caregiving > Home care agencies,
Health & Wellness > Aging & Longevity > Senior living > Senior living search,content marketplace
Health & Wellness > Aging & Longevity > Senior living > Senior home-sharing,marketplace
Health & Wellness > Aging & Longevity > Senior living > Senior-living operator software,
Care & Conditions > Chronic Conditions > Diabetes > Type 1,
Care & Conditions > Chronic Conditions > Diabetes > Type 2,
Care & Conditions > Chronic Conditions > Diabetes > Prediabetes,content
Care & Conditions > Chronic Conditions > Diabetes > Glucose management,
Care & Conditions > Chronic Conditions > Cardiometabolic disease > Hypertension,
Care & Conditions > Chronic Conditions > Cardiometabolic disease > High cholesterol,
Care & Conditions > Chronic Conditions > Cardiometabolic disease > Heart disease,
Care & Conditions > Chronic Conditions > Cardiometabolic disease > Kidney disease,
Care & Conditions > Chronic Conditions > Cardiometabolic disease > Fatty liver disease,
Care & Conditions > Chronic Conditions > Autoimmune disease > Rheumatoid arthritis,
Care & Conditions > Chronic Conditions > Autoimmune disease > Hashimoto's,
Care & Conditions > Chronic Conditions > Digestive health > IBS,content
Care & Conditions > Chronic Conditions > Digestive health > IBD,
Care & Conditions > Chronic Conditions > Digestive health > Food intolerances,content
Care & Conditions > Chronic Conditions > Respiratory & allergy > Asthma,
Care & Conditions > Chronic Conditions > Respiratory & allergy > COPD,
Care & Conditions > Chronic Conditions > Respiratory & allergy > Food allergies,content
Care & Conditions > Chronic Conditions > Oncology > Cancer navigation,service-business
Care & Conditions > Chronic Conditions > Oncology > Survivorship support,content
Care & Conditions > Chronic Conditions > Oncology > Breast cancer support,
Care & Conditions > Chronic Conditions > Oncology > Prostate cancer support,
Care & Conditions > Chronic Conditions > Complex & rare illness > Long COVID,content
Care & Conditions > Chronic Conditions > Complex & rare illness > ME/CFS,content
Care & Conditions > Chronic Conditions > Complex & rare illness > POTS & dysautonomia,content
Care & Conditions > Chronic Conditions > Complex & rare illness > Rare-disease diagnostics,
Care & Conditions > Chronic Conditions > Complex & rare illness > Rare-disease communities,content
Care & Conditions > Pain & Musculoskeletal > Joint & bone health > Osteoarthritis,
Care & Conditions > Pain & Musculoskeletal > Joint & bone health > Joint replacement navigation,
Care & Conditions > Pain & Musculoskeletal > Joint & bone health > Osteoporosis,
Care & Conditions > Pain & Musculoskeletal > Foot & ankle care > Custom orthotics,
Care & Conditions > Pain & Musculoskeletal > Foot & ankle care > Podiatry telehealth,
Care & Conditions > Pain & Musculoskeletal > Physical rehabilitation > Prehab,
Care & Conditions > Pain & Musculoskeletal > Physical rehabilitation > Post-surgical rehab,
Care & Conditions > Pain & Musculoskeletal > Physical rehabilitation > Sports rehab,
Care & Conditions > Pain & Musculoskeletal > Physical rehabilitation > Occupational rehab,
Care & Conditions > Pain & Musculoskeletal > Physical rehabilitation > Home rehab equipment,
Care & Conditions > Pain & Musculoskeletal > Digital MSK > Virtual physical therapy,
Care & Conditions > Pain & Musculoskeletal > Digital MSK > Motion-tracking apps,
Care & Conditions > Pain & Musculoskeletal > Digital MSK > MSK care navigation,
Care & Conditions > Pain & Musculoskeletal > Digital MSK > Remote therapeutic monitoring,
Care & Conditions > Pain & Musculoskeletal > Digital MSK > Employer MSK programs,
Care & Conditions > Pain & Musculoskeletal > Chronic pain > Non-opioid pain programs,
Care & Conditions > Pain & Musculoskeletal > Chronic pain > Pain psychology,
Care & Conditions > Pain & Musculoskeletal > Chronic pain > Fibromyalgia care,
Care & Conditions > Pain & Musculoskeletal > Chronic pain > Interventional pain clinics,
Care & Conditions > Pain & Musculoskeletal > Chronic pain > Neuromodulation devices,
Care & Conditions > Pain & Musculoskeletal > Chronic pain > Lower back pain,content
Care & Conditions > Pain & Musculoskeletal > Ergonomics > Workplace injury prevention,
Care & Conditions > Pain & Musculoskeletal > Ergonomics > Ergonomic assessments,service-business
Care & Conditions > Pain & Musculoskeletal > Ergonomics > Ergonomic equipment,
Care & Conditions > Pain & Musculoskeletal > Ergonomics > Industrial exoskeletons,
Care & Conditions > Brain & Neurological Health > Neurodivergence > ADHD,content
Care & Conditions > Brain & Neurological Health > Neurodivergence > Autism,content
Care & Conditions > Brain & Neurological Health > Neurodivergence > Dyslexia & learning differences,service-business content
Care & Conditions > Brain & Neurological Health > Neurodivergence > Late diagnosis,content
Care & Conditions > Brain & Neurological Health > Neurodivergence > ADHD medication access,
Care & Conditions > Brain & Neurological Health > Neurodivergence > Executive-function coaching,service-business content
Care & Conditions > Brain & Neurological Health > Dementia & cognitive decline > Cognitive assessments,
Care & Conditions > Brain & Neurological Health > Dementia & cognitive decline > Blood-based Alzheimer's tests,
Care & Conditions > Brain & Neurological Health > Dementia & cognitive decline > Anti-amyloid therapy navigation,
Care & Conditions > Brain & Neurological Health > Dementia & cognitive decline > Dementia care navigation,service-business
Care & Conditions > Brain & Neurological Health > Dementia & cognitive decline > Dementia caregiver training,service-business content
Care & Conditions > Brain & Neurological Health > Dementia & cognitive decline > Memory care,
Care & Conditions > Brain & Neurological Health > Dementia & cognitive decline > Brain-health clinics,
Care & Conditions > Brain & Neurological Health > Neurological conditions > Migraine & headache,
Care & Conditions > Brain & Neurological Health > Neurological conditions > Epilepsy,
Care & Conditions > Brain & Neurological Health > Neurological conditions > Parkinson's,
Care & Conditions > Brain & Neurological Health > Neurological conditions > Neuropathy,
Care & Conditions > Brain & Neurological Health > Neurological conditions > Concussion & TBI,
Care & Conditions > Brain & Neurological Health > Neurological conditions > Stroke recovery,
Care & Conditions > Brain & Neurological Health > Neurological conditions > Neurorehabilitation tech,
Care & Conditions > Brain & Neurological Health > Consumer neurotech > EEG headbands,
Care & Conditions > Brain & Neurological Health > Consumer neurotech > Neurofeedback,
Care & Conditions > Brain & Neurological Health > Consumer neurotech > Vagus-nerve stimulation devices,
Care & Conditions > Specialty Care > Dental & oral health > Teledentistry,
Care & Conditions > Specialty Care > Dental & oral health > Clear aligners,
Care & Conditions > Specialty Care > Dental & oral health > Dental membership plans,
Care & Conditions > Specialty Care > Vision > Online eye exams,
Care & Conditions > Specialty Care > Vision > DTC eyewear,
Care & Conditions > Specialty Care > Vision > Myopia control,
Care & Conditions > Specialty Care > Hearing > OTC hearing aids,
Care & Conditions > Specialty Care > Hearing > Online hearing tests,
Care & Conditions > Specialty Care > Hearing > Tinnitus management,content
Care & Conditions > Specialty Care > Dermatology > Teledermatology,
Care & Conditions > Specialty Care > Dermatology > Acne & eczema care,
Care & Conditions > Specialty Care > Dermatology > Psoriasis & rosacea,
Care & Conditions > Specialty Care > Dermatology > Hair loss,
Care & Conditions > Specialty Care > Medical aesthetics > Med spas,
Care & Conditions > Specialty Care > Medical aesthetics > Injectables,
Care & Conditions > Specialty Care > Medical aesthetics > Laser & energy devices,
Care & Conditions > Population-Specific Care > Women's health > Menopause & perimenopause,content
Care & Conditions > Population-Specific Care > Women's health > PCOS,content
Care & Conditions > Population-Specific Care > Women's health > Endometriosis,content
Care & Conditions > Population-Specific Care > Women's health > PMS & PMDD,
Care & Conditions > Population-Specific Care > Women's health > Pelvic floor & incontinence,
Care & Conditions > Population-Specific Care > Women's health > Pelvic pain,
Care & Conditions > Population-Specific Care > Women's health > Menstrual health,
Care & Conditions > Population-Specific Care > Women's health > Women's health devices,
Care & Conditions > Population-Specific Care > Men's health > Men's telehealth,
Care & Conditions > Population-Specific Care > Men's health > Men's preventive care,
Care & Conditions > Population-Specific Care > Men's health > Testosterone therapy,
Care & Conditions > Population-Specific Care > Men's health > Prostate care,
Care & Conditions > Population-Specific Care > Men's health > Male pelvic health,
Care & Conditions > Population-Specific Care > Children's health > Pediatric telehealth,
Care & Conditions > Population-Specific Care > Children's health > Kids' urgent care,
Care & Conditions > Population-Specific Care > Children's health > Pediatric specialty access,
Care & Conditions > Population-Specific Care > Children's health > Adolescent health,
Care & Conditions > Population-Specific Care > Children's health > School health,
Care & Conditions > Population-Specific Care > Children's health > Early intervention,
Care & Conditions > Population-Specific Care > LGBTQ+ health > LGBTQ+ primary care,
Care & Conditions > Population-Specific Care > LGBTQ+ health > HRT access,
Care & Conditions > Population-Specific Care > LGBTQ+ health > Gender-affirming care navigation,
Care & Conditions > Population-Specific Care > LGBTQ+ health > LGBTQ+ family-building navigation,
Care & Conditions > Population-Specific Care > Veterans' health > VA care navigation,
Care & Conditions > Population-Specific Care > Veterans' health > Disability claims support,
Care & Conditions > Population-Specific Care > Veterans' health > Veteran PTSD programs,
Care & Conditions > Population-Specific Care > Veterans' health > Veteran peer support,content
Care & Conditions > Population-Specific Care > Veterans' health > Military-family care,
Care & Conditions > Population-Specific Care > Rural & underserved care > Rural telehealth,
Care & Conditions > Population-Specific Care > Rural & underserved care > Mobile clinics,
Care & Conditions > Population-Specific Care > Rural & underserved care > Community health workers,
Care & Conditions > Population-Specific Care > Rural & underserved care > Medical interpretation,service-business marketplace
Care & Conditions > Population-Specific Care > Rural & underserved care > Rural hospital operations,
Care & Conditions > Care Delivery > Primary & urgent care > Tech-enabled primary care,
Care & Conditions > Care Delivery > Primary & urgent care > Membership primary care,
Care & Conditions > Care Delivery > Primary & urgent care > Senior-focused primary care,
Care & Conditions > Care Delivery > Primary & urgent care > AI health assistants,
Care & Conditions > Care Delivery > Primary & urgent care > Urgent care,
Care & Conditions > Care Delivery > Primary & urgent care > Specialist e-consults,
Care & Conditions > Care Delivery > Home & virtual care > Home healthcare,
Care & Conditions > Care Delivery > Home & virtual care > Hospital at home,
Care & Conditions > Care Delivery > Home & virtual care > Home infusion,
Care & Conditions > Care Delivery > Home & virtual care > Mobile phlebotomy & imaging,
Care & Conditions > Care Delivery > Home & virtual care > Remote patient monitoring,
Care & Conditions > Care Delivery > Pharmacy > Online pharmacy,
Care & Conditions > Care Delivery > Pharmacy > Rx price transparency,
Care & Conditions > Care Delivery > Pharmacy > Specialty pharmacy,
Care & Conditions > Care Delivery > Pharmacy > Medication adherence,
Care & Conditions > Care Delivery > Pharmacy > Pharmacist clinical services,
Care & Conditions > Care Delivery > Patient navigation > Patient advocacy,service-business
Care & Conditions > Care Delivery > Patient navigation > Employer health navigation,
Care & Conditions > Care Delivery > Patient navigation > Price comparison tools,no-code-friendly
Care & Conditions > Care Delivery > Patient navigation > Medical bill negotiation,service-business
Care & Conditions > Care Delivery > Patient navigation > Second opinions,
Care & Conditions > Care Delivery > Patient navigation > Cash-pay surgery,
Care & Conditions > Health Technology > Clinical AI > Ambient AI scribes,
Care & Conditions > Health Technology > Clinical AI > Clinical decision support,
Care & Conditions > Health Technology > Clinical AI > AI imaging diagnostics,
Care & Conditions > Health Technology > Clinical AI > AI pathology,
Care & Conditions > Health Technology > Clinical AI > Patient-message triage AI,
Care & Conditions > Health Technology > Care operations > Patient intake & scheduling,no-code-friendly
Care & Conditions > Health Technology > Care operations > Patient engagement,
Care & Conditions > Health Technology > Care operations > Telehealth infrastructure,
Care & Conditions > Health Technology > Care operations > Hospital operations,
Care & Conditions > Health Technology > Care operations > Care-team collaboration,
Care & Conditions > Health Technology > Care operations > EMS tech,
Care & Conditions > Health Technology > Revenue cycle & payer > Revenue-cycle automation,
Care & Conditions > Health Technology > Revenue cycle & payer > Medical coding AI,
Care & Conditions > Health Technology > Revenue cycle & payer > Prior authorization,
Care & Conditions > Health Technology > Revenue cycle & payer > Claims integrity,
Care & Conditions > Health Technology > Revenue cycle & payer > Risk adjustment,
Care & Conditions > Health Technology > Revenue cycle & payer > Value-based care enablement,
Care & Conditions > Health Technology > Health data infrastructure > Interoperability,
Care & Conditions > Health Technology > Health data infrastructure > Healthcare APIs,
Care & Conditions > Health Technology > Health data infrastructure > Health data platforms,
Care & Conditions > Health Technology > Health data infrastructure > Data de-identification,
Care & Conditions > Health Technology > Health data infrastructure > Healthcare cybersecurity,
Care & Conditions > Health Technology > Health data infrastructure > Personal health records,
Care & Conditions > Health Technology > Medical devices > Consumer health wearables,
Care & Conditions > Health Technology > Medical devices > Diagnostic devices,
Care & Conditions > Health Technology > Medical devices > SaMD,
Care & Conditions > Health Technology > Medical devices > Implantables,
Care & Conditions > Health Technology > Medical devices > Surgical robotics,
Care & Conditions > Health Technology > Medical devices > Device quality & regulatory software,
Care & Conditions > Health Technology > Healthcare workforce > Staffing marketplaces,
Care & Conditions > Health Technology > Healthcare workforce > Nurse scheduling,
Care & Conditions > Health Technology > Healthcare workforce > Clinician credentialing,
Care & Conditions > Health Technology > Healthcare workforce > Continuing medical education,content
Care & Conditions > Health Technology > Life-science commercial tech > Pharma CRM,
Care & Conditions > Health Technology > Life-science commercial tech > HCP engagement,
Care & Conditions > Health Technology > Life-science commercial tech > Patient support programs,
Care & Conditions > Health Technology > Life-science commercial tech > Pharmacovigilance AI,
Care & Conditions > Integrative Medicine > Manual therapies > Acupuncture,
Care & Conditions > Integrative Medicine > Manual therapies > Chiropractic,
Care & Conditions > Integrative Medicine > Manual therapies > Massage & bodywork,
Care & Conditions > Integrative Medicine > Integrative clinics > Functional medicine,
Care & Conditions > Integrative Medicine > Integrative clinics > Integrative primary care,
Care & Conditions > Integrative Medicine > Integrative clinics > Integrative oncology,
Care & Conditions > Integrative Medicine > Integrative clinics > Integrative health coaching,service-business content
Care & Conditions > Integrative Medicine > Integrative clinics > Yoga therapy,service-business
Care & Conditions > Integrative Medicine > Practitioner tools > Practice-management software,no-code-friendly
Care & Conditions > Integrative Medicine > Practitioner tools > Practitioner certification,content
Care & Conditions > Integrative Medicine > Practitioner tools > Practitioner marketplaces,marketplace
Care & Conditions > Integrative Medicine > Practitioner tools > Practitioner-grade supplements,
Wealth > Money Management > Budgeting > Household budgeting,content no-code-friendly
Wealth > Money Management > Budgeting > Expense tracking,no-code-friendly
Wealth > Money Management > Budgeting > AI money coaches,no-code-friendly
Wealth > Money Management > Saving > High-yield savings,
Wealth > Money Management > Saving > Kids' savings,
Wealth > Money Management > Saving > Child investment accounts,
Wealth > Money Management > Saving > College savings,content
Wealth > Money Management > Debt management > Credit-card debt,
Wealth > Money Management > Debt management > Student loans,content
Wealth > Money Management > Debt management > Personal loans,
Wealth > Money Management > Debt management > Debt consolidation,
Wealth > Money Management > Credit > Credit building,content
Wealth > Money Management > Credit > Credit cards,
Wealth > Money Management > Credit > Rewards optimization,content no-code-friendly
Wealth > Money Management > Financial wellness > Youth financial education,service-business content
Wealth > Money Management > Financial wellness > First-generation guidance,content
Wealth > Money Management > Financial wellness > Workplace financial wellness,service-business
Wealth > Money Management > Financial wellness > Financial therapy,service-business
Wealth > Money Management > Life-event finance > Widowhood finance,content
Wealth > Money Management > Life-event finance > Windfall management,content
Wealth > Money Management > Life-event finance > Couples' finances,content
Wealth > Money Management > Life-event finance > New-parent finances,content
Wealth > Money Management > Gig & creator finance > Tax withholding tools,no-code-friendly
Wealth > Money Management > Gig & creator finance > Portable benefits,
Wealth > Money Management > Gig & creator finance > Income smoothing,
Wealth > Money Management > Gig & creator finance > Gig-worker retirement,
Wealth > Banking & Payments > Digital banking > Neobanks,
Wealth > Banking & Payments > Digital banking > Teen & family banking,
Wealth > Banking & Payments > Digital banking > Freelancer banking,
Wealth > Banking & Payments > Digital banking > Senior banking,
Wealth > Banking & Payments > Digital banking > Immigrant banking,
Wealth > Banking & Payments > Consumer payments > Pay by bank,
Wealth > Banking & Payments > Consumer payments > Bill pay,
Wealth > Banking & Payments > Consumer payments > Subscription management,no-code-friendly
Wealth > Banking & Payments > Consumer payments > Stablecoin payments,
Wealth > Banking & Payments > Cross-border money > Remittances,
Wealth > Banking & Payments > Cross-border money > Multi-currency accounts,
Wealth > Banking & Payments > Cross-border money > Cross-border bill pay,
Wealth > Banking & Payments > Cross-border money > Travel money & FX cards,
Wealth > Banking & Payments > Cross-border money > Diaspora investing,
Wealth > Banking & Payments > Consumer lending > Buy now pay later,
Wealth > Banking & Payments > Consumer lending > Earned wage access,
Wealth > Banking & Payments > Consumer lending > Small-dollar loans,
Wealth > Banking & Payments > Consumer lending > Credit-builder loans,
Wealth > Banking & Payments > Consumer lending > Medical financing,
Wealth > Banking & Payments > Islamic finance > Sharia-compliant banking,
Wealth > Banking & Payments > Islamic finance > Halal investing,content
Wealth > Banking & Payments > Islamic finance > Islamic home finance,
Wealth > Banking & Payments > Islamic finance > Sharia-compliant BNPL,
Wealth > Banking & Payments > Islamic finance > Zakat & sadaqah apps,
Wealth > Banking & Payments > Financial inclusion > Community finance,
Wealth > Banking & Payments > Financial inclusion > Unbanked onboarding,
Wealth > Banking & Payments > Financial inclusion > Alternative credit data,
Wealth > Banking & Payments > Financial inclusion > Cash-access networks,
Wealth > Investing & Trading > Investing tools > Direct indexing,
Wealth > Investing & Trading > Investing tools > AI investing copilots,
Wealth > Investing & Trading > Investing tools > AI trading tools,
Wealth > Investing & Trading > Alternative investments > Private credit,
Wealth > Investing & Trading > Alternative investments > Collectible assets,content
Wealth > Investing & Trading > Alternative investments > Private-market access,
Wealth > Investing & Trading > Digital assets > Crypto exchanges & wallets,
Wealth > Investing & Trading > Digital assets > Stablecoins,
Wealth > Investing & Trading > Digital assets > DeFi & staking,
Wealth > Investing & Trading > Digital assets > Tokenized real-world assets,
Wealth > Housing & Real Estate > Homebuying > Mortgages,
Wealth > Housing & Real Estate > Homebuying > First-time buyer programs,content
Wealth > Housing & Real Estate > Homebuying > Down-payment assistance,content
Wealth > Housing & Real Estate > Homebuying > Rent-to-own,
Wealth > Housing & Real Estate > Renting > Rent reporting,
Wealth > Housing & Real Estate > Renting > Landlord-tenant disputes,
Wealth > Housing & Real Estate > Renting > Renter services,
Wealth > Housing & Real Estate > Real estate investing > Rental properties,content
Wealth > Housing & Real Estate > Real estate investing > Short-term rentals,service-business content
Wealth > Housing & Real Estate > Real estate investing > Fractional ownership,
Wealth > Housing & Real Estate > Home equity > Equity release,
Wealth > Housing & Real Estate > Home equity > Home-equity investments,
Wealth > Retirement & Wealth Planning > Retirement planning > Retirement income,
Wealth > Retirement & Wealth Planning > Retirement planning > Social Security planning,content
Wealth > Retirement & Wealth Planning > Retirement accounts > IRAs & 401(k)s,
Wealth > Retirement & Wealth Planning > Retirement accounts > Small-business retirement plans,
Wealth > Retirement & Wealth Planning > Wealth management > Advisor tech,
Wealth > Retirement & Wealth Planning > Wealth management > Family offices,
Wealth > Retirement & Wealth Planning > Wealth management > AI financial advisors,
Wealth > Retirement & Wealth Planning > Wealth management > Philanthropy & DAFs,
Wealth > Retirement & Wealth Planning > Estate planning > Wills,
Wealth > Retirement & Wealth Planning > Estate planning > Trusts,
Wealth > Retirement & Wealth Planning > Estate planning > Inheritance planning,
Wealth > Retirement & Wealth Planning > Estate planning > Digital estates,
Wealth > Insurance > Health & benefits > Individual plans,
Wealth > Insurance > Health & benefits > Employer plans,
Wealth > Insurance > Health & benefits > HSAs,
Wealth > Insurance > Health & benefits > ICHRA,
Wealth > Insurance > Property & casualty > Home insurance,
Wealth > Insurance > Property & casualty > Commercial property insurance,
Wealth > Insurance > Property & casualty > Auto insurance,
Wealth > Insurance > Specialty lines > Disability insurance,
Wealth > Insurance > Specialty lines > Long-term care insurance,
Wealth > Insurance > Specialty lines > Pet insurance,
Wealth > Insurance > Specialty lines > Small-business insurance,
Wealth > Insurance > Specialty lines > Crop insurance,
Wealth > Insurance > Specialty lines > Cyber insurance,
Wealth > Insurance > Insurtech > Digital insurers,
Wealth > Insurance > Insurtech > Embedded insurance,
Wealth > Insurance > Insurtech > Usage-based insurance,
Wealth > Insurance > Insurtech > Parametric insurance,
Wealth > Tax & Legal > Tax planning > Individual tax,
Wealth > Tax & Legal > Tax planning > Small-business tax,
Wealth > Tax & Legal > Tax planning > Tax-loss harvesting,
Wealth > Tax & Legal > Tax planning > International & expat tax,content
Wealth > Tax & Legal > Tax planning > Crypto tax,
Wealth > Tax & Legal > Tax preparation > AI tax prep,
Wealth > Tax & Legal > Tax preparation > Tax-pro marketplaces,marketplace
Wealth > Tax & Legal > Tax preparation > Tax-credit finders,
Wealth > Tax & Legal > Tax preparation > Tax resolution,
Wealth > Tax & Legal > Consumer legal services > Legal marketplaces,
Wealth > Tax & Legal > Consumer legal services > AI legal assistants,
Wealth > Tax & Legal > Consumer legal services > Small claims & disputes,
Wealth > Tax & Legal > Consumer legal services > Compensation claims,
Wealth > Tax & Legal > Consumer legal services > Online notarization,
Wealth > Tax & Legal > Family & elder law > Powers of attorney,
Wealth > Tax & Legal > Family & elder law > Guardianship & conservatorship,
Wealth > Tax & Legal > Family & elder law > Elder law services,
Wealth > Tax & Legal > Immigration services > Visa applications,
Wealth > Tax & Legal > Immigration services > Green cards,
Wealth > Tax & Legal > Immigration services > Citizenship,
Wealth > Tax & Legal > Immigration services > Immigration case tracking,
Wealth > Tax & Legal > Immigration services > Employer immigration,
Wealth > Entrepreneurship > Starting a business > Idea validation,service-business content no-code-friendly
Wealth > Entrepreneurship > Starting a business > Market research,service-business
Wealth > Entrepreneurship > Starting a business > Business formation,no-code-friendly
Wealth > Entrepreneurship > Acquisition entrepreneurship > Search funds,content
Wealth > Entrepreneurship > Acquisition entrepreneurship > Business-for-sale marketplaces,marketplace
Wealth > Entrepreneurship > Acquisition entrepreneurship > SBA acquisition loans,
Wealth > Entrepreneurship > Acquisition entrepreneurship > Small-business roll-ups,
Wealth > Entrepreneurship > Small business > Local services,service-business
Wealth > Entrepreneurship > Small business > Franchises,
Wealth > Entrepreneurship > Small business > Skilled-trades businesses,service-business
Wealth > Entrepreneurship > Online business > E-commerce,no-code-friendly
Wealth > Entrepreneurship > Online business > SaaS,no-code-friendly
Wealth > Entrepreneurship > Online business > Digital products,content no-code-friendly
Wealth > Entrepreneurship > Online business > Memberships,content no-code-friendly
Wealth > Entrepreneurship > Online business > Online courses,content
Wealth > Entrepreneurship > Creator economy > Podcasting,content
Wealth > Entrepreneurship > Creator economy > Newsletters,content
Wealth > Entrepreneurship > Creator economy > Influencer brands,content
Wealth > Entrepreneurship > Creator economy > AI virtual creators,
Wealth > Entrepreneurship > Creator economy > Live & social commerce,content
Wealth > Entrepreneurship > Creator economy > Fan memberships,content no-code-friendly
Wealth > Entrepreneurship > Freelancing & fractional > Consulting,service-business
Wealth > Entrepreneurship > Freelancing & fractional > Design,service-business
Wealth > Entrepreneurship > Freelancing & fractional > Programming,service-business
Wealth > Entrepreneurship > Freelancing & fractional > Marketing services,service-business
Wealth > Entrepreneurship > Freelancing & fractional > Fractional executives,service-business
Wealth > Entrepreneurship > Agencies > Digital marketing,service-business
Wealth > Entrepreneurship > Agencies > Web development,service-business
Wealth > Entrepreneurship > Agencies > AI automation agencies,service-business no-code-friendly
Wealth > Entrepreneurship > Solopreneurship > AI-leveraged solo businesses,service-business no-code-friendly
Wealth > Entrepreneurship > Solopreneurship > Micro-SaaS,no-code-friendly
Wealth > Entrepreneurship > Solopreneurship > Productized services,service-business
Wealth > Entrepreneurship > Solopreneurship > Solo operator tools,content no-code-friendly
Relationships > Dating > Dating platforms > Curated apps,
Relationships > Dating > Dating platforms > Profile optimization,service-business no-code-friendly
Relationships > Dating > AI dating tools > AI profile writing,no-code-friendly
Relationships > Dating > AI dating tools > AI message coaching,no-code-friendly
Relationships > Dating > AI dating tools > AI matchmaking,no-code-friendly
"Relationships > Dating > Matchmaking, coaching & events > Professional matchmaking",service-business
"Relationships > Dating > Matchmaking, coaching & events > Niche matchmaking",service-business marketplace
"Relationships > Dating > Matchmaking, coaching & events > Speed dating",service-business
"Relationships > Dating > Matchmaking, coaching & events > Singles events",service-business
"Relationships > Dating > Matchmaking, coaching & events > Dating coaches",service-business content
Relationships > Dating > Niche dating > Senior dating,service-business
Relationships > Dating > Niche dating > LGBTQ+ dating,
Relationships > Dating > Niche dating > Single-parent dating,
Relationships > Dating > Niche dating > Sober dating,service-business content
Relationships > Dating > Niche dating > Dating with disability,
Relationships > Dating > Niche dating > Faith-based dating,
Relationships > Dating > Dating safety > Identity verification,
Relationships > Dating > Dating safety > Background checks,
Relationships > Dating > Dating safety > Date check-in apps,no-code-friendly
Relationships > Dating > Dating safety > Romance-scam protection,
Relationships > Couples & Marriage > Premarital > Premarital counseling,service-business
Relationships > Couples & Marriage > Premarital > Premarital courses,content
Relationships > Couples & Marriage > Premarital > Faith-based marriage prep,service-business content
Relationships > Couples & Marriage > Premarital > Prenups,
Relationships > Couples & Marriage > Premarital > Cohabitation agreements,
Relationships > Couples & Marriage > Relationship coaching > Couples apps,no-code-friendly
Relationships > Couples & Marriage > Relationship coaching > AI relationship coaching,no-code-friendly
Relationships > Couples & Marriage > Relationship coaching > Relationship check-in tools,no-code-friendly
Relationships > Couples & Marriage > Relationship coaching > Couples coaching,service-business
Relationships > Couples & Marriage > Relationship coaching > Relationship courses,content
Relationships > Couples & Marriage > Marriage enrichment > Date-night services,service-business
Relationships > Couples & Marriage > Marriage enrichment > Couples activities,content
Relationships > Couples & Marriage > Marriage enrichment > Relationship retreats,service-business
Relationships > Couples & Marriage > Long-distance relationships > LDR apps,no-code-friendly
Relationships > Couples & Marriage > Long-distance relationships > Shared-experience tools,no-code-friendly
Relationships > Couples & Marriage > Long-distance relationships > Military couples,content
Relationships > Couples & Marriage > Relationship repair > Infidelity recovery,service-business content
Relationships > Couples & Marriage > Relationship repair > Marriage intensives,
Relationships > Couples & Marriage > Relationship repair > Couples programs in recovery,
Relationships > Couples & Marriage > Relationship repair > Discernment counseling,
Relationships > Couples & Marriage > Shared household > Household-task apps,no-code-friendly
Relationships > Couples & Marriage > Shared household > Shared calendars,no-code-friendly
Relationships > Couples & Marriage > Shared household > Mental-load tools,no-code-friendly
Relationships > Couples & Marriage > Shared household > Household managers,service-business marketplace
Relationships > Intimacy & Sexuality > Therapy & coaching > Sex therapists,
Relationships > Intimacy & Sexuality > Therapy & coaching > Sex-therapy telehealth,
Relationships > Intimacy & Sexuality > Therapy & coaching > Intimacy coaches,service-business
Relationships > Intimacy & Sexuality > Therapy & coaching > Sexual performance anxiety,
Relationships > Intimacy & Sexuality > Couples intimacy > Guided intimacy courses,content
Relationships > Intimacy & Sexuality > Couples intimacy > Intimacy apps,no-code-friendly
Relationships > Intimacy & Sexuality > Couples intimacy > Conversation card games,content
Relationships > Intimacy & Sexuality > Life-stage intimacy > Postpartum intimacy,content
Relationships > Intimacy & Sexuality > Life-stage intimacy > Midlife intimacy,content
Relationships > Intimacy & Sexuality > Life-stage intimacy > Intimacy after cancer,
Relationships > Intimacy & Sexuality > Life-stage intimacy > Intimacy with illness & disability,
Relationships > Intimacy & Sexuality > Desire & communication > Desire-mismatch programs,
Relationships > Intimacy & Sexuality > Desire & communication > Consent education,service-business content
Relationships > Intimacy & Sexuality > Desire & communication > Trauma-informed intimacy programs,
Relationships > Breakups & Divorce > Divorce process > Divorce preparation,service-business content
Relationships > Breakups & Divorce > Divorce process > Divorce coaching,service-business
Relationships > Breakups & Divorce > Divorce process > Divorce mediation,service-business
Relationships > Breakups & Divorce > Divorce process > Collaborative divorce,
Relationships > Breakups & Divorce > Divorce process > Online divorce,
Relationships > Breakups & Divorce > Divorce process > Divorce attorney matching,
Relationships > Breakups & Divorce > Divorce finance > Asset-splitting tools,
Relationships > Breakups & Divorce > Divorce finance > Financial transition planning,
Relationships > Breakups & Divorce > Divorce finance > Divorce financial analysts,service-business
Relationships > Breakups & Divorce > Divorce finance > Retirement-account division,
Relationships > Breakups & Divorce > Divorce finance > Marital home buyouts,
Relationships > Breakups & Divorce > Co-parenting > Co-parenting apps,no-code-friendly
Relationships > Breakups & Divorce > Co-parenting > Custody scheduling,no-code-friendly
Relationships > Breakups & Divorce > Co-parenting > Co-parent expense sharing,no-code-friendly
Relationships > Breakups & Divorce > Co-parenting > Children's divorce support,content
Relationships > Breakups & Divorce > Safe separation > Safety planning apps,no-code-friendly
Relationships > Breakups & Divorce > Safe separation > Protective-order assistance,
Relationships > Breakups & Divorce > Safe separation > Stalkerware detection,
Relationships > Breakups & Divorce > Safe separation > Emergency housing search,
Relationships > Breakups & Divorce > Rebuilding after separation > Post-divorce housing,
Relationships > Breakups & Divorce > Rebuilding after separation > Name-change services,service-business no-code-friendly
Relationships > Breakups & Divorce > Rebuilding after separation > Breakup coaching,service-business content
Relationships > Parenting & Family > Parenting stages > Newborns,content
Relationships > Parenting & Family > Parenting stages > Teens,content
Relationships > Parenting & Family > Parenting support > Parent coaching,service-business
Relationships > Parenting & Family > Parenting support > Parenting courses,content
Relationships > Parenting & Family > Parenting support > Parenting communities,content
Relationships > Parenting & Family > Parenting support > Family organizers,no-code-friendly
Relationships > Parenting & Family > Parenting support > Chore & allowance apps,no-code-friendly
Relationships > Parenting & Family > Child online safety > Parental controls,
Relationships > Parenting & Family > Child online safety > Kids' phones,
Relationships > Parenting & Family > Child online safety > Age verification,
Relationships > Parenting & Family > Child online safety > Online-safety education,content
Relationships > Parenting & Family > Childcare > Childcare marketplaces,marketplace
Relationships > Parenting & Family > Childcare > Nannies & babysitters,marketplace
Relationships > Parenting & Family > Childcare > Nanny shares,marketplace no-code-friendly
Relationships > Parenting & Family > Childcare > Employer childcare,
Relationships > Parenting & Family > Baby & kids products > Baby tech,
Relationships > Parenting & Family > Baby & kids products > STEM toys,
Relationships > Parenting & Family > Baby & kids products > Kids' activity booking,marketplace no-code-friendly
Relationships > Parenting & Family > Baby & kids products > Kids' clothing,
Relationships > Parenting & Family > Family structures > Single parents,content
Relationships > Parenting & Family > Family structures > Adoption & foster care,content
Relationships > Parenting & Family > Family structures > Kinship care,
Relationships > Parenting & Family > Family structures > Genealogy & family history,service-business content
Relationships > Parenting & Family > Special-needs parenting > IEP & school advocacy,service-business content
Relationships > Parenting & Family > Special-needs parenting > Therapy coordination,
Relationships > Parenting & Family > Special-needs parenting > Special-needs parent communities,content
Relationships > Friendship & Community > Making friends > Friendship apps,no-code-friendly
Relationships > Friendship & Community > Making friends > Parent friendship apps,
Relationships > Friendship & Community > Making friends > Activity-partner apps,no-code-friendly
Relationships > Friendship & Community > Making friends > Friend-matching dinners,service-business
Relationships > Friendship & Community > Making friends > Newcomer networks,service-business content
Relationships > Friendship & Community > Loneliness & connection > Third places,
Relationships > Friendship & Community > Loneliness & connection > Community dinners,service-business
Relationships > Friendship & Community > Loneliness & connection > Social prescribing,
Relationships > Friendship & Community > Loneliness & connection > Intergenerational programs,service-business
Relationships > Friendship & Community > Loneliness & connection > Friendly-visitor services,service-business marketplace
Relationships > Friendship & Community > Clubs & groups > Social clubs,service-business content
Relationships > Friendship & Community > Clubs & groups > Alumni networks,
Relationships > Friendship & Community > Clubs & groups > Expat & immigrant communities,content
Relationships > Friendship & Community > AI companions > Companion apps,
Relationships > Friendship & Community > AI companions > Voice companions,
Relationships > Friendship & Community > AI companions > Senior AI companions,
Relationships > Friendship & Community > AI companions > Companion robots,
Relationships > Friendship & Community > AI companions > Companion safety & age checks,
Relationships > Friendship & Community > Community platforms > Community software,
Relationships > Friendship & Community > Community platforms > Club membership management,
Relationships > Friendship & Community > Community platforms > Social event apps,no-code-friendly
Relationships > Social Skills > Communication training > Communication coaching,service-business
Relationships > Social Skills > Communication training > AI conversation roleplay,no-code-friendly
Relationships > Social Skills > Communication training > Workplace communication programs,service-business
Relationships > Social Skills > Public speaking & presence > Public speaking coaching,service-business
Relationships > Social Skills > Public speaking & presence > Speech feedback AI,no-code-friendly
Relationships > Social Skills > Public speaking & presence > Executive presence coaching,service-business
Relationships > Social Skills > Emotional intelligence > EQ assessments,content no-code-friendly
Relationships > Social Skills > Emotional intelligence > EQ training,service-business
Relationships > Social Skills > Emotional intelligence > Conflict-resolution training,service-business
Relationships > Social Skills > Emotional intelligence > Empathy programs for kids,content
Relationships > Social Skills > Neurodivergent social skills > Social-skills groups,service-business
Relationships > Social Skills > Neurodivergent social skills > Workplace social coaching,service-business
Relationships > Social Skills > Neurodivergent social skills > Social-skills apps,no-code-friendly
"Relationships > Death, Grief & Legacy > End-of-life planning > Advance directives",no-code-friendly
"Relationships > Death, Grief & Legacy > End-of-life planning > End-of-life planning apps",no-code-friendly
"Relationships > Death, Grief & Legacy > End-of-life planning > Funeral pre-planning",
"Relationships > Death, Grief & Legacy > End-of-life planning > Death doulas",service-business
"Relationships > Death, Grief & Legacy > End-of-life planning > Hospice & palliative care",
"Relationships > Death, Grief & Legacy > Funeral services > Direct cremation",
"Relationships > Death, Grief & Legacy > Funeral services > Green burial",
"Relationships > Death, Grief & Legacy > Funeral services > Alternative dispositions",
"Relationships > Death, Grief & Legacy > Funeral services > Funeral price comparison",content
"Relationships > Death, Grief & Legacy > Funeral services > Funeral home software",
"Relationships > Death, Grief & Legacy > Memorialization > Online memorials",no-code-friendly
"Relationships > Death, Grief & Legacy > Memorialization > Memorial keepsakes",
"Relationships > Death, Grief & Legacy > Memorialization > AI memorial avatars",
"Relationships > Death, Grief & Legacy > Grief support > Grief counseling",
"Relationships > Death, Grief & Legacy > Grief support > Grief apps",no-code-friendly
"Relationships > Death, Grief & Legacy > Grief support > Child grief programs",
"Relationships > Death, Grief & Legacy > Grief support > Workplace bereavement support",
"Relationships > Death, Grief & Legacy > Digital legacy > Account closure",service-business no-code-friendly
"Relationships > Death, Grief & Legacy > Digital legacy > Digital estate vaults",no-code-friendly
"Relationships > Death, Grief & Legacy > Digital legacy > Crypto inheritance",
"Relationships > Death, Grief & Legacy > Digital legacy > Legacy memoirs",service-business
"Relationships > Death, Grief & Legacy > After-death logistics > Death admin concierge",service-business
"Relationships > Death, Grief & Legacy > After-death logistics > Survivor benefits claims",service-business
"Relationships > Death, Grief & Legacy > After-death logistics > Probate navigation",service-business content
"Relationships > Death, Grief & Legacy > After-death logistics > Estate cleanout",service-business
"Relationships > Death, Grief & Legacy > After-death logistics > Downsizing services",service-business
"Mind, Meaning & Growth > Contemplative Practice > Meditation > Meditation studios",
"Mind, Meaning & Growth > Contemplative Practice > Meditation > Meditation retreats",service-business
"Mind, Meaning & Growth > Contemplative Practice > Meditation > Workplace mindfulness",service-business
"Mind, Meaning & Growth > Contemplative Practice > Breathwork > Breathwork apps",content no-code-friendly
"Mind, Meaning & Growth > Contemplative Practice > Breathwork > Breath-training devices",
"Mind, Meaning & Growth > Contemplative Practice > Journaling & reflection > Journaling apps",no-code-friendly
"Mind, Meaning & Growth > Contemplative Practice > Journaling & reflection > AI journaling",no-code-friendly
"Mind, Meaning & Growth > Contemplative Practice > Somatics & embodiment > Somatic practitioner training",content
"Mind, Meaning & Growth > Contemplative Practice > Somatics & embodiment > Nervous-system regulation apps",no-code-friendly
"Mind, Meaning & Growth > Contemplative Practice > Digital wellness > Screen-time apps",no-code-friendly
"Mind, Meaning & Growth > Contemplative Practice > Digital wellness > Minimalist phones",
"Mind, Meaning & Growth > Contemplative Practice > Digital wellness > Phone lockers & pouches",
"Mind, Meaning & Growth > Contemplative Practice > Digital wellness > Phone-free social events",service-business
"Mind, Meaning & Growth > Spirituality & Faith > Faith tech > Church management",no-code-friendly
"Mind, Meaning & Growth > Spirituality & Faith > Faith tech > Giving platforms",
"Mind, Meaning & Growth > Spirituality & Faith > Faith tech > Service streaming",
"Mind, Meaning & Growth > Spirituality & Faith > Faith tech > Congregant engagement apps",no-code-friendly
"Mind, Meaning & Growth > Spirituality & Faith > Faith tech > Faith-based school software",
"Mind, Meaning & Growth > Spirituality & Faith > Prayer & scripture > Prayer apps",content no-code-friendly
"Mind, Meaning & Growth > Spirituality & Faith > Prayer & scripture > Scripture study",content
"Mind, Meaning & Growth > Spirituality & Faith > Prayer & scripture > AI scripture study",no-code-friendly
"Mind, Meaning & Growth > Spirituality & Faith > Prayer & scripture > Faith-based meditation",content
"Mind, Meaning & Growth > Spirituality & Faith > Spiritual guidance > Chaplaincy services",service-business
"Mind, Meaning & Growth > Spirituality & Faith > Spiritual guidance > Online religious education",content
"Mind, Meaning & Growth > Spirituality & Faith > Spiritual guidance > Astrology apps",content no-code-friendly
"Mind, Meaning & Growth > Purpose & Life Transitions > Life coaching > Coach certification",content
"Mind, Meaning & Growth > Purpose & Life Transitions > Life coaching > Coaching marketplaces",marketplace
"Mind, Meaning & Growth > Purpose & Life Transitions > Life coaching > AI life coaches",no-code-friendly
"Mind, Meaning & Growth > Purpose & Life Transitions > Life coaching > Coaching practice software",no-code-friendly
"Mind, Meaning & Growth > Purpose & Life Transitions > Self-discovery > Strengths & values assessments",content no-code-friendly
"Mind, Meaning & Growth > Purpose & Life Transitions > Self-discovery > Personality assessments",content no-code-friendly
"Mind, Meaning & Growth > Purpose & Life Transitions > Life-stage transitions > Midlife reinvention",service-business content
"Mind, Meaning & Growth > Purpose & Life Transitions > Life-stage transitions > Encore careers",service-business content
"Mind, Meaning & Growth > Purpose & Life Transitions > Life-stage transitions > Sabbatical planning",service-business content
"Mind, Meaning & Growth > Personal Development > Self-help content > Book summaries & audio",content
"Mind, Meaning & Growth > Personal Development > Self-help content > Personal development apps",no-code-friendly
"Mind, Meaning & Growth > Personal Development > Self-help content > Challenge programs",content no-code-friendly
"Mind, Meaning & Growth > Personal Development > Inner-work programs > Body-image programs",content
"Mind, Meaning & Growth > Personal Development > Inner-work programs > Resilience training",service-business
"Mind, Meaning & Growth > Personal Development > Inner-work programs > Wilderness programs",
"Mind, Meaning & Growth > Personal Development > Performance & mindset > Peak-performance coaching",service-business
"Mind, Meaning & Growth > Personal Development > Performance & mindset > Mental-skills coaching",service-business
"Mind, Meaning & Growth > Personal Development > Performance & mindset > Habit coaching",service-business no-code-friendly
"Mind, Meaning & Growth > Personal Development > Growth communities > Men's circles",service-business content
"Mind, Meaning & Growth > Personal Development > Growth communities > Women's circles",service-business content
"Mind, Meaning & Growth > Personal Development > Growth communities > Mastermind groups",service-business content
"Mind, Meaning & Growth > Personal Development > Growth communities > Peer coaching networks",content marketplace
"Mind, Meaning & Growth > Productivity > Tasks & habits > Gamified productivity",no-code-friendly
"Mind, Meaning & Growth > Productivity > Tasks & habits > Goal-setting & accountability",service-business no-code-friendly
"Mind, Meaning & Growth > Productivity > Time management > AI calendars",no-code-friendly
"Mind, Meaning & Growth > Productivity > Time management > Time tracking",no-code-friendly
"Mind, Meaning & Growth > Productivity > Knowledge management > Note-taking apps",content
"Mind, Meaning & Growth > Productivity > Knowledge management > AI knowledge assistants",no-code-friendly
"Mind, Meaning & Growth > Productivity > ADHD-friendly productivity > Body doubling",service-business marketplace no-code-friendly
"Mind, Meaning & Growth > Productivity > ADHD-friendly productivity > ADHD planners",content
"Mind, Meaning & Growth > Productivity > ADHD-friendly productivity > AI task breakdown",no-code-friendly
"Mind, Meaning & Growth > Productivity > AI personal assistants > Personal AI agents",
"Mind, Meaning & Growth > Productivity > AI personal assistants > AI browser agents",
"Mind, Meaning & Growth > Productivity > AI personal assistants > Inbox & email AI",no-code-friendly
"Mind, Meaning & Growth > Productivity > AI personal assistants > AI answer engines",
"Mind, Meaning & Growth > Productivity > AI personal assistants > AI glasses & wearables",
"Mind, Meaning & Growth > Learning & Education > Online learning > Cohort-based courses",content
"Mind, Meaning & Growth > Learning & Education > Online learning > Masterclass platforms",
"Mind, Meaning & Growth > Learning & Education > Online learning > Microlearning apps",content no-code-friendly
"Mind, Meaning & Growth > Learning & Education > AI tutoring > AI tutors",no-code-friendly
"Mind, Meaning & Growth > Learning & Education > AI tutoring > AI reading coaches",no-code-friendly
"Mind, Meaning & Growth > Learning & Education > AI tutoring > Homework help apps",no-code-friendly
"Mind, Meaning & Growth > Learning & Education > AI tutoring > AI study tools",no-code-friendly
"Mind, Meaning & Growth > Learning & Education > Test prep & credentials > Test prep",service-business content
"Mind, Meaning & Growth > Learning & Education > Test prep & credentials > Professional certifications",content
"Mind, Meaning & Growth > Learning & Education > Test prep & credentials > Micro-credentials",content
"Mind, Meaning & Growth > Learning & Education > Test prep & credentials > Credential verification",
"Mind, Meaning & Growth > Learning & Education > Test prep & credentials > Online proctoring",
"Mind, Meaning & Growth > Learning & Education > Language learning > AI language tutors",no-code-friendly
"Mind, Meaning & Growth > Learning & Education > Language learning > Conversation practice",service-business marketplace
"Mind, Meaning & Growth > Learning & Education > Language learning > Workplace English",service-business
"Mind, Meaning & Growth > Learning & Education > Language learning > Heritage-language programs",service-business content
"Mind, Meaning & Growth > Learning & Education > K-12 & alternatives > Homeschooling",content
"Mind, Meaning & Growth > Learning & Education > K-12 & alternatives > Learning pods",service-business marketplace
"Mind, Meaning & Growth > Learning & Education > K-12 & alternatives > Tutoring",service-business marketplace
"Mind, Meaning & Growth > Learning & Education > K-12 & alternatives > Microschools",
"Mind, Meaning & Growth > Learning & Education > K-12 & alternatives > Special education",
"Mind, Meaning & Growth > Learning & Education > Early & enrichment learning > Early-learning apps",no-code-friendly
"Mind, Meaning & Growth > Learning & Education > Early & enrichment learning > Preschools",
"Mind, Meaning & Growth > Learning & Education > Early & enrichment learning > Kids' coding classes",service-business
"Mind, Meaning & Growth > Learning & Education > Early & enrichment learning > Music lessons",service-business marketplace
"Mind, Meaning & Growth > Learning & Education > Early & enrichment learning > After-school programs",service-business
"Mind, Meaning & Growth > Learning & Education > Higher education > College admissions",service-business content
"Mind, Meaning & Growth > Learning & Education > Higher education > Financial-aid navigation",service-business content
"Mind, Meaning & Growth > Learning & Education > Higher education > Online degrees",
"Mind, Meaning & Growth > Learning & Education > Higher education > Transfer & credit mapping",content
"Mind, Meaning & Growth > Learning & Education > Higher education > Student services",
"Mind, Meaning & Growth > Learning & Education > Higher education > Campus mental health",
"Mind, Meaning & Growth > Learning & Education > School EdTech > Teacher tools",no-code-friendly
"Mind, Meaning & Growth > Learning & Education > School EdTech > Lesson-planning AI",no-code-friendly
"Mind, Meaning & Growth > Learning & Education > School EdTech > AI grading & assessment",no-code-friendly
"Mind, Meaning & Growth > Learning & Education > School EdTech > Curriculum marketplaces",content marketplace
"Mind, Meaning & Growth > Learning & Education > School EdTech > School management",
"Mind, Meaning & Growth > Learning & Education > School EdTech > Parent-school communication",no-code-friendly
"Mind, Meaning & Growth > Learning & Education > School EdTech > Academic-integrity tools",
"Mind, Meaning & Growth > Creativity & Craft > Writing > Writing tools",no-code-friendly
"Mind, Meaning & Growth > Creativity & Craft > Writing > AI writing assistants",no-code-friendly
"Mind, Meaning & Growth > Creativity & Craft > Writing > Screenwriting software",
"Mind, Meaning & Growth > Creativity & Craft > Writing > Self-publishing",service-business content
"Mind, Meaning & Growth > Creativity & Craft > Music creation > Music production",service-business content
"Mind, Meaning & Growth > Creativity & Craft > Music creation > Sample marketplaces",content marketplace
"Mind, Meaning & Growth > Creativity & Craft > Music creation > Instrument learning",service-business content
"Mind, Meaning & Growth > Creativity & Craft > Music creation > AI music tools",
"Mind, Meaning & Growth > Creativity & Craft > Music creation > Music distribution",
"Mind, Meaning & Growth > Creativity & Craft > Visual arts & craft > Pottery studios",
"Mind, Meaning & Growth > Creativity & Craft > Visual arts & craft > Digital art tools",
"Mind, Meaning & Growth > Creativity & Craft > Visual arts & craft > Craft kits",content
"Mind, Meaning & Growth > Creativity & Craft > Visual arts & craft > Artist marketplaces",marketplace
"Mind, Meaning & Growth > Creativity & Craft > Fiber arts > Pattern marketplaces",content marketplace
"Mind, Meaning & Growth > Creativity & Craft > Fiber arts > Yarn & fabric DTC",
"Mind, Meaning & Growth > Creativity & Craft > Photo & video > Film photography",content
"Mind, Meaning & Growth > Creativity & Craft > Photo & video > Editing tools",
"Mind, Meaning & Growth > Creativity & Craft > Photo & video > AI video generation",
"Mind, Meaning & Growth > Creativity & Craft > Photo & video > Stock media marketplaces",content marketplace
"Mind, Meaning & Growth > Creativity & Craft > Maker culture > 3D printing",service-business content
"Mind, Meaning & Growth > Creativity & Craft > Maker culture > Electronics kits",
"Mind, Meaning & Growth > Creativity & Craft > Maker culture > CNC & laser cutters",
"Mind, Meaning & Growth > Creativity & Craft > Performing arts > Dance classes",service-business
"Mind, Meaning & Growth > Creativity & Craft > Performing arts > Voice & singing lessons",service-business marketplace
"Mind, Meaning & Growth > Career Development > Job search > Resume tools",service-business no-code-friendly
"Mind, Meaning & Growth > Career Development > Job search > AI job-application tools",no-code-friendly
"Mind, Meaning & Growth > Career Development > Job search > Interview preparation",service-business no-code-friendly
"Mind, Meaning & Growth > Career Development > Job search > Salary negotiation tools",service-business content
"Mind, Meaning & Growth > Career Development > Upskilling > AI upskilling",service-business content
"Mind, Meaning & Growth > Career Development > Upskilling > Leadership development",service-business
"Mind, Meaning & Growth > Career Development > Upskilling > Manager training",service-business content
"Mind, Meaning & Growth > Career Development > Upskilling > Technical upskilling",content
"Mind, Meaning & Growth > Career Development > Upskilling > Sales training",service-business content
"Mind, Meaning & Growth > Career Development > Upskilling > Education-benefit platforms",
"Mind, Meaning & Growth > Career Development > Career transitions > Career coaching",service-business
"Mind, Meaning & Growth > Career Development > Career transitions > Career switching",service-business content
"Mind, Meaning & Growth > Career Development > Career transitions > Returnships",
"Mind, Meaning & Growth > Career Development > Career transitions > Veterans' transition",service-business content
"Mind, Meaning & Growth > Career Development > Career transitions > Outplacement",service-business
"Mind, Meaning & Growth > Career Development > Inclusive employment > Neurodivergent hiring",service-business
"Mind, Meaning & Growth > Career Development > Inclusive employment > Disability employment",
"Mind, Meaning & Growth > Career Development > Inclusive employment > Workplace accommodations tools",no-code-friendly
"Mind, Meaning & Growth > Career Development > Inclusive employment > Older-worker hiring",marketplace
"Mind, Meaning & Growth > Career Development > Inclusive employment > Refugee & immigrant employment",
"Mind, Meaning & Growth > Career Development > Inclusive employment > Second-chance hiring",marketplace
"Mind, Meaning & Growth > Career Development > Skilled trades careers > Trade schools",
"Mind, Meaning & Growth > Career Development > Skilled trades careers > Apprenticeship marketplaces",marketplace
"Mind, Meaning & Growth > Career Development > Skilled trades careers > Licensing exam prep",content
"Mind, Meaning & Growth > Career Development > Skilled trades careers > Trade job boards",marketplace
"Mind, Meaning & Growth > Career Development > Skilled trades careers > Trades continuing education",content
"Mind, Meaning & Growth > Career Development > Work arrangements > Flexible & part-time jobs",marketplace
"Mind, Meaning & Growth > Career Development > Work arrangements > Interim management",service-business marketplace
"Mind, Meaning & Growth > Career Development > Professional networking > Professional communities",content
"Mind, Meaning & Growth > Career Development > Professional networking > Mentorship platforms",marketplace
"Mind, Meaning & Growth > Career Development > Professional networking > Personal branding tools",service-business no-code-friendly
"Mind, Meaning & Growth > Career Development > Professional networking > Warm-intro tools",no-code-friendly
"Mind, Meaning & Growth > Career Development > Workplace navigation > Salary data platforms",content
"Mind, Meaning & Growth > Career Development > Workplace navigation > Leave navigation",service-business content
"Mind, Meaning & Growth > Career Development > Workplace navigation > Employment-law help",
"Lifestyle, Home & Experiences > Travel & Adventure > Trip planning > AI trip planners",no-code-friendly
"Lifestyle, Home & Experiences > Travel & Adventure > Trip planning > Itinerary apps",no-code-friendly
"Lifestyle, Home & Experiences > Travel & Adventure > Trip planning > Group trip planning",service-business no-code-friendly
"Lifestyle, Home & Experiences > Travel & Adventure > Trip planning > Creator travel guides",content
"Lifestyle, Home & Experiences > Travel & Adventure > Trip planning > Travel rewards",content
"Lifestyle, Home & Experiences > Travel & Adventure > Experiential travel > Adventure tours",service-business
"Lifestyle, Home & Experiences > Travel & Adventure > Experiential travel > Culinary travel",service-business
"Lifestyle, Home & Experiences > Travel & Adventure > Experiential travel > Sports & event travel",service-business
"Lifestyle, Home & Experiences > Travel & Adventure > Experiential travel > Experiences marketplaces",marketplace
"Lifestyle, Home & Experiences > Travel & Adventure > Digital nomadism > Nomad communities",content
"Lifestyle, Home & Experiences > Travel & Adventure > Digital nomadism > Coworking passes",
"Lifestyle, Home & Experiences > Travel & Adventure > Digital nomadism > Remote-work retreats",service-business
"Lifestyle, Home & Experiences > Travel & Adventure > Digital nomadism > Nomad insurance",
"Lifestyle, Home & Experiences > Travel & Adventure > Wellness travel > Wellness retreats",service-business
"Lifestyle, Home & Experiences > Travel & Adventure > Wellness travel > Fitness retreats",service-business
"Lifestyle, Home & Experiences > Travel & Adventure > Wellness travel > Longevity retreats",
"Lifestyle, Home & Experiences > Travel & Adventure > Traveler segments > Solo travel",service-business content
"Lifestyle, Home & Experiences > Travel & Adventure > Traveler segments > Family travel",content
"Lifestyle, Home & Experiences > Travel & Adventure > Traveler segments > Senior travel",service-business content
"Lifestyle, Home & Experiences > Travel & Adventure > Traveler segments > Accessible travel",service-business content
"Lifestyle, Home & Experiences > Travel & Adventure > Road & outdoor travel > RV rentals",
"Lifestyle, Home & Experiences > Travel & Adventure > Road & outdoor travel > Glamping",
"Lifestyle, Home & Experiences > Travel & Adventure > Road & outdoor travel > Campground booking",
"Lifestyle, Home & Experiences > Travel & Adventure > Hospitality tech > Hotel property management",
"Lifestyle, Home & Experiences > Travel & Adventure > Hospitality tech > Hotel revenue management",
"Lifestyle, Home & Experiences > Travel & Adventure > Hospitality tech > Guest messaging",no-code-friendly
"Lifestyle, Home & Experiences > Travel & Adventure > Hospitality tech > Direct booking engines",no-code-friendly
"Lifestyle, Home & Experiences > Travel & Adventure > Hospitality tech > Tour-operator software",no-code-friendly
"Lifestyle, Home & Experiences > Travel & Adventure > Hospitality tech > Overtourism management",
"Lifestyle, Home & Experiences > Food & Beverage > Meal solutions > Prepared meals",
"Lifestyle, Home & Experiences > Food & Beverage > Meal solutions > Personal chefs",service-business marketplace
"Lifestyle, Home & Experiences > Food & Beverage > Meal solutions > Kids' & school meals",
"Lifestyle, Home & Experiences > Food & Beverage > Meal solutions > Corporate catering",
"Lifestyle, Home & Experiences > Food & Beverage > Meal solutions > Meal-planning apps",no-code-friendly
"Lifestyle, Home & Experiences > Food & Beverage > Meal solutions > Senior meal delivery",
"Lifestyle, Home & Experiences > Food & Beverage > Better-for-you foods > Functional beverages",
"Lifestyle, Home & Experiences > Food & Beverage > Better-for-you foods > Protein-forward foods",
"Lifestyle, Home & Experiences > Food & Beverage > Better-for-you foods > Low-sugar snacks",
"Lifestyle, Home & Experiences > Food & Beverage > Better-for-you foods > Gut-health foods",
"Lifestyle, Home & Experiences > Food & Beverage > Better-for-you foods > Allergen-free foods",
"Lifestyle, Home & Experiences > Food & Beverage > Beverages > Tea & matcha",
"Lifestyle, Home & Experiences > Food & Beverage > Beverages > Non-alcoholic drinks",
"Lifestyle, Home & Experiences > Food & Beverage > Restaurant tech > Restaurant ops software",
"Lifestyle, Home & Experiences > Food & Beverage > Restaurant tech > Restaurant POS",
"Lifestyle, Home & Experiences > Food & Beverage > Restaurant tech > Online ordering & loyalty",no-code-friendly
"Lifestyle, Home & Experiences > Food & Beverage > Restaurant tech > Reservations & waitlists",no-code-friendly
"Lifestyle, Home & Experiences > Food & Beverage > Restaurant tech > Kitchen automation",
"Lifestyle, Home & Experiences > Food & Beverage > Restaurant tech > Restaurant supplier marketplaces",marketplace
"Lifestyle, Home & Experiences > Food & Beverage > Artisanal & local food > Specialty food DTC",
"Lifestyle, Home & Experiences > Food & Beverage > Artisanal & local food > Cottage-food businesses",content
"Lifestyle, Home & Experiences > Food & Beverage > Artisanal & local food > Food incubators & commissaries",
"Lifestyle, Home & Experiences > Food & Beverage > Food waste > Surplus-food apps",marketplace no-code-friendly
"Lifestyle, Home & Experiences > Food & Beverage > Food waste > Food donation logistics",
"Lifestyle, Home & Experiences > Food & Beverage > Food waste > Food-freshness tracking",
"Lifestyle, Home & Experiences > Food & Beverage > Food waste > Home composting",
"Lifestyle, Home & Experiences > Food & Beverage > Food waste > Upcycled foods",
"Lifestyle, Home & Experiences > Food & Beverage > Cooking & groceries > AI cooking assistants",no-code-friendly
"Lifestyle, Home & Experiences > Food & Beverage > Cooking & groceries > Smart cooking appliances",
"Lifestyle, Home & Experiences > Food & Beverage > Cooking & groceries > Grocery price comparison",no-code-friendly
"Lifestyle, Home & Experiences > Home & Living > Smart home > Smart-home installation",service-business
"Lifestyle, Home & Experiences > Home & Living > Smart home > Home security",
"Lifestyle, Home & Experiences > Home & Living > Smart home > Home robots",
"Lifestyle, Home & Experiences > Home & Living > Smart home > Home energy monitors",
"Lifestyle, Home & Experiences > Home & Living > Smart home > Water-leak sensors",
"Lifestyle, Home & Experiences > Home & Living > Design & decor > E-design",service-business
"Lifestyle, Home & Experiences > Home & Living > Design & decor > AI interior design",no-code-friendly
"Lifestyle, Home & Experiences > Home & Living > Organizing & moving > Decluttering services",service-business
"Lifestyle, Home & Experiences > Home & Living > Organizing & moving > Home inventory apps",no-code-friendly
"Lifestyle, Home & Experiences > Home & Living > Organizing & moving > Moving services",
"Lifestyle, Home & Experiences > Home & Living > Organizing & moving > Move admin",service-business no-code-friendly
"Lifestyle, Home & Experiences > Home & Living > Organizing & moving > Senior move management",service-business
"Lifestyle, Home & Experiences > Home & Living > Home improvement > Renovation platforms",marketplace
"Lifestyle, Home & Experiences > Home & Living > Home improvement > Renovation financing",
"Lifestyle, Home & Experiences > Home & Living > Home improvement > Home accessibility retrofits",
"Lifestyle, Home & Experiences > Home & Living > Home improvement > Home maintenance apps",no-code-friendly
"Lifestyle, Home & Experiences > Home & Living > Home improvement > Home inspection",
"Lifestyle, Home & Experiences > Home & Living > Home services > Handyman marketplaces",marketplace
"Lifestyle, Home & Experiences > Home & Living > Home services > Cleaning services",service-business
"Lifestyle, Home & Experiences > Home & Living > Home services > Lawn & pest services",service-business
"Lifestyle, Home & Experiences > Home & Living > Home services > Field-service software",no-code-friendly
"Lifestyle, Home & Experiences > Home & Living > Gardening & plants > Seed & plant DTC",
"Lifestyle, Home & Experiences > Home & Living > Gardening & plants > Landscape design",service-business
"Lifestyle, Home & Experiences > Home & Living > Gardening & plants > Native & drought-tolerant landscaping",service-business content
"Lifestyle, Home & Experiences > Home & Living > Living arrangements > Coliving",
"Lifestyle, Home & Experiences > Home & Living > Living arrangements > ADUs & tiny homes",
"Lifestyle, Home & Experiences > Home & Living > Living arrangements > Roommate matching",marketplace no-code-friendly
"Lifestyle, Home & Experiences > Home & Living > Home electrification > Heat pumps",
"Lifestyle, Home & Experiences > Home & Living > Home electrification > Rooftop solar",
"Lifestyle, Home & Experiences > Home & Living > Home electrification > Home batteries",
"Lifestyle, Home & Experiences > Home & Living > Home electrification > Induction cooking",
"Lifestyle, Home & Experiences > Home & Living > Home electrification > Energy audits",service-business
"Lifestyle, Home & Experiences > Home & Living > Home electrification > Rebate navigation",service-business content no-code-friendly
"Lifestyle, Home & Experiences > Fashion & Beauty > Resale & circular fashion > Resale marketplaces",
"Lifestyle, Home & Experiences > Fashion & Beauty > Resale & circular fashion > Luxury resale",
"Lifestyle, Home & Experiences > Fashion & Beauty > Resale & circular fashion > Resale-as-a-service",
"Lifestyle, Home & Experiences > Fashion & Beauty > Resale & circular fashion > Repair & upcycling",service-business
"Lifestyle, Home & Experiences > Fashion & Beauty > Inclusive fashion > Plus-size fashion",
"Lifestyle, Home & Experiences > Fashion & Beauty > Inclusive fashion > Petite & tall sizing",
"Lifestyle, Home & Experiences > Fashion & Beauty > Inclusive fashion > Adaptive clothing",
"Lifestyle, Home & Experiences > Fashion & Beauty > Inclusive fashion > Maternity wear",
"Lifestyle, Home & Experiences > Fashion & Beauty > Inclusive fashion > Modest fashion",
"Lifestyle, Home & Experiences > Fashion & Beauty > Beauty & skincare > K-beauty",
"Lifestyle, Home & Experiences > Fashion & Beauty > Beauty & skincare > Inclusive beauty",
"Lifestyle, Home & Experiences > Fashion & Beauty > Beauty & skincare > Textured hair care",service-business content
"Lifestyle, Home & Experiences > Fashion & Beauty > Beauty & skincare > Nail care",service-business
"Lifestyle, Home & Experiences > Fashion & Beauty > Beauty & skincare > Fragrance",
"Lifestyle, Home & Experiences > Fashion & Beauty > Fashion & beauty tech > Virtual try-on",
"Lifestyle, Home & Experiences > Fashion & Beauty > Fashion & beauty tech > AI styling assistants",no-code-friendly
"Lifestyle, Home & Experiences > Fashion & Beauty > Fashion & beauty tech > Size & fit tech",
"Lifestyle, Home & Experiences > Fashion & Beauty > Fashion & beauty tech > AI skin analysis",
"Lifestyle, Home & Experiences > Fashion & Beauty > Fashion & beauty tech > On-demand apparel manufacturing",
"Lifestyle, Home & Experiences > Fashion & Beauty > Men's grooming > Men's skincare",
"Lifestyle, Home & Experiences > Fashion & Beauty > Men's grooming > Barbershop booking",no-code-friendly
"Lifestyle, Home & Experiences > Fashion & Beauty > Salon & spa tech > Salon booking software",no-code-friendly
"Lifestyle, Home & Experiences > Fashion & Beauty > Salon & spa tech > Salon management",
"Lifestyle, Home & Experiences > Fashion & Beauty > Salon & spa tech > Salon-suite rental platforms",marketplace
"Lifestyle, Home & Experiences > Fashion & Beauty > Salon & spa tech > Beauty-pro marketplaces",marketplace
"Lifestyle, Home & Experiences > Fashion & Beauty > Salon & spa tech > Beauty-pro payments",
"Lifestyle, Home & Experiences > Pets & Animal Care > Pet food > Fresh pet food",
"Lifestyle, Home & Experiences > Pets & Animal Care > Pet food > Personalized pet nutrition",
"Lifestyle, Home & Experiences > Pets & Animal Care > Pet food > Sustainable pet food",
"Lifestyle, Home & Experiences > Pets & Animal Care > Pet food > Treats & supplements",
"Lifestyle, Home & Experiences > Pets & Animal Care > Pet health > Vet telehealth",
"Lifestyle, Home & Experiences > Pets & Animal Care > Pet health > Modern vet clinics",
"Lifestyle, Home & Experiences > Pets & Animal Care > Pet health > Pet wellness plans",
"Lifestyle, Home & Experiences > Pets & Animal Care > Pet health > Pet pharmacy",
"Lifestyle, Home & Experiences > Pets & Animal Care > Pet health > Pet DNA & diagnostics",
"Lifestyle, Home & Experiences > Pets & Animal Care > Pet health > Vet practice software",
"Lifestyle, Home & Experiences > Pets & Animal Care > Pet health > Equine care",
"Lifestyle, Home & Experiences > Pets & Animal Care > Pet tech > GPS trackers",
"Lifestyle, Home & Experiences > Pets & Animal Care > Pet tech > Pet health wearables",
"Lifestyle, Home & Experiences > Pets & Animal Care > Pet tech > Smart litter boxes",
"Lifestyle, Home & Experiences > Pets & Animal Care > Pet services > Pet grooming",service-business
"Lifestyle, Home & Experiences > Pets & Animal Care > Pet services > Mobile grooming",service-business
"Lifestyle, Home & Experiences > Pets & Animal Care > Pet services > Boarding & daycare",
"Lifestyle, Home & Experiences > Pets & Animal Care > Pet services > Pet sitting",service-business marketplace
"Lifestyle, Home & Experiences > Pets & Animal Care > Pet services > Training & behavior",service-business content
"Lifestyle, Home & Experiences > Pets & Animal Care > Pet lifestyle > Pet adoption",
"Lifestyle, Home & Experiences > Pets & Animal Care > Pet lifestyle > Pet-friendly travel",content
"Lifestyle, Home & Experiences > Pets & Animal Care > Pet lifestyle > Pet aftercare",
"Lifestyle, Home & Experiences > Pets & Animal Care > Pet lifestyle > Pet loss & grief",content
"Lifestyle, Home & Experiences > Sports & Hobbies > Racquet sports > Pickleball",service-business content
"Lifestyle, Home & Experiences > Sports & Hobbies > Racquet sports > Padel",content
"Lifestyle, Home & Experiences > Sports & Hobbies > Racquet sports > Indoor pickleball venues",
"Lifestyle, Home & Experiences > Sports & Hobbies > Racquet sports > Court booking",no-code-friendly
"Lifestyle, Home & Experiences > Sports & Hobbies > Racquet sports > Racquet coaching apps",no-code-friendly
"Lifestyle, Home & Experiences > Sports & Hobbies > Social sports > Run clubs",service-business content
"Lifestyle, Home & Experiences > Sports & Hobbies > Social sports > Fitness racing",content
"Lifestyle, Home & Experiences > Sports & Hobbies > Social sports > Adult rec leagues",service-business
"Lifestyle, Home & Experiences > Sports & Hobbies > Social sports > Pickup-game apps",no-code-friendly
"Lifestyle, Home & Experiences > Sports & Hobbies > Social sports > Golf entertainment",
"Lifestyle, Home & Experiences > Sports & Hobbies > Women's sports > Pro leagues & fandom",
"Lifestyle, Home & Experiences > Sports & Hobbies > Women's sports > Women's sports media",content
"Lifestyle, Home & Experiences > Sports & Hobbies > Women's sports > Women's sports gear",
"Lifestyle, Home & Experiences > Sports & Hobbies > Women's sports > Girls' sports participation",service-business
"Lifestyle, Home & Experiences > Sports & Hobbies > Fandom & spectating > Fan engagement apps",no-code-friendly
"Lifestyle, Home & Experiences > Sports & Hobbies > Fandom & spectating > Watch-party venues",
"Lifestyle, Home & Experiences > Sports & Hobbies > Fandom & spectating > Amateur sports streaming",
"Lifestyle, Home & Experiences > Sports & Hobbies > Fandom & spectating > Stadium tech",
"Lifestyle, Home & Experiences > Sports & Hobbies > Games & puzzles > Chess",service-business content
"Lifestyle, Home & Experiences > Sports & Hobbies > Games & puzzles > Tabletop RPGs",service-business content
"Lifestyle, Home & Experiences > Sports & Hobbies > Games & puzzles > Word games",no-code-friendly
"Lifestyle, Home & Experiences > Sports & Hobbies > Collecting > Trading cards",content
"Lifestyle, Home & Experiences > Sports & Hobbies > Collecting > Designer toys & blind boxes",
"Lifestyle, Home & Experiences > Sports & Hobbies > Collecting > Live collectible auctions",content
"Lifestyle, Home & Experiences > Sports & Hobbies > Collecting > Grading & authentication",
"Lifestyle, Home & Experiences > Sports & Hobbies > Reading > Book discovery",content no-code-friendly
"Lifestyle, Home & Experiences > Sports & Hobbies > Reading > Reading trackers",no-code-friendly
"Lifestyle, Home & Experiences > Entertainment & Events > Streaming & video > FAST channels",
"Lifestyle, Home & Experiences > Entertainment & Events > Streaming & video > International content streaming",
"Lifestyle, Home & Experiences > Entertainment & Events > Streaming & video > Microdramas",
"Lifestyle, Home & Experiences > Entertainment & Events > Streaming & video > Creator-led media",content
"Lifestyle, Home & Experiences > Entertainment & Events > Podcasts & audio > Audio dramas & fiction",content
"Lifestyle, Home & Experiences > Entertainment & Events > Podcasts & audio > Audio creator tools",no-code-friendly
"Lifestyle, Home & Experiences > Entertainment & Events > Podcasts & audio > Podcast advertising",
"Lifestyle, Home & Experiences > Entertainment & Events > Gaming > Mobile games",
"Lifestyle, Home & Experiences > Entertainment & Events > Gaming > Game UGC platforms",
"Lifestyle, Home & Experiences > Entertainment & Events > Gaming > Indie game publishing",
"Lifestyle, Home & Experiences > Entertainment & Events > Gaming > AI game-dev tools",
"Lifestyle, Home & Experiences > Entertainment & Events > Live events > Local event discovery",content no-code-friendly
"Lifestyle, Home & Experiences > Entertainment & Events > Live events > Ticketing",
"Lifestyle, Home & Experiences > Entertainment & Events > Live events > Ticket resale",
"Lifestyle, Home & Experiences > Entertainment & Events > Nightlife & venues > Eatertainment venues",
"Lifestyle, Home & Experiences > Entertainment & Events > Nightlife & venues > Sober nightlife",service-business
"Lifestyle, Home & Experiences > Entertainment & Events > Nightlife & venues > Table & guest-list apps",no-code-friendly
"Lifestyle, Home & Experiences > Entertainment & Events > Nightlife & venues > Venue management software",
"Lifestyle, Home & Experiences > Entertainment & Events > Immersive experiences > Immersive theater",
"Lifestyle, Home & Experiences > Entertainment & Events > Immersive experiences > Interactive art",
"Lifestyle, Home & Experiences > Entertainment & Events > Immersive experiences > Themed pop-ups",service-business
"Lifestyle, Home & Experiences > Entertainment & Events > Immersive experiences > Location-based AR",
"Lifestyle, Home & Experiences > Entertainment & Events > Weddings > Wedding planning platforms",no-code-friendly
"Lifestyle, Home & Experiences > Entertainment & Events > Weddings > Registries",
"Lifestyle, Home & Experiences > Entertainment & Events > Weddings > Wedding attire",
"Lifestyle, Home & Experiences > Entertainment & Events > Weddings > Elopements & micro-weddings",service-business marketplace
"Lifestyle, Home & Experiences > Entertainment & Events > Weddings > Wedding vendor software",
"Lifestyle, Home & Experiences > Entertainment & Events > Celebrations & gifting > Party planning",service-business
"Lifestyle, Home & Experiences > Entertainment & Events > Celebrations & gifting > Kids' parties",service-business
"Lifestyle, Home & Experiences > Entertainment & Events > Celebrations & gifting > Gifting platforms",
"Lifestyle, Home & Experiences > Entertainment & Events > Celebrations & gifting > Personalized gifts",
"Lifestyle, Home & Experiences > Entertainment & Events > Celebrations & gifting > Group gifting",no-code-friendly
"Lifestyle, Home & Experiences > Entertainment & Events > Celebrations & gifting > Corporate gifting",service-business
"Lifestyle, Home & Experiences > Entertainment & Events > Celebrations & gifting > Team experiences",service-business marketplace
"Lifestyle, Home & Experiences > Cars & Transportation > Car buying > Online car buying",
"Lifestyle, Home & Experiences > Cars & Transportation > Car buying > Car marketplaces",
"Lifestyle, Home & Experiences > Cars & Transportation > Car buying > Trade-in valuation",
"Lifestyle, Home & Experiences > Cars & Transportation > Car buying > Used-car inspections",service-business
"Lifestyle, Home & Experiences > Cars & Transportation > Car buying > Car-buying advisors",service-business
"Lifestyle, Home & Experiences > Cars & Transportation > Car ownership > Maintenance & repair",
"Lifestyle, Home & Experiences > Cars & Transportation > Car ownership > Mobile mechanics",service-business
"Lifestyle, Home & Experiences > Cars & Transportation > Car ownership > Detailing & care",service-business
"Lifestyle, Home & Experiences > Cars & Transportation > Car ownership > Connected-car apps",
"Lifestyle, Home & Experiences > Cars & Transportation > Car ownership > Parking apps",
"Lifestyle, Home & Experiences > Cars & Transportation > Car ownership > Tolls & tickets",
"Lifestyle, Home & Experiences > Cars & Transportation > Car enthusiasts > Collector cars",content
"Lifestyle, Home & Experiences > Cars & Transportation > Car enthusiasts > Parts & modification",content
"Lifestyle, Home & Experiences > Cars & Transportation > EV ownership > Home charging",
"Lifestyle, Home & Experiences > Cars & Transportation > EV ownership > Charger installation",
"Lifestyle, Home & Experiences > Cars & Transportation > EV ownership > Charging apps",
"Lifestyle, Home & Experiences > Cars & Transportation > EV ownership > Used EVs & battery health",content
"Lifestyle, Home & Experiences > Cars & Transportation > Micromobility > E-bikes",
"Lifestyle, Home & Experiences > Cars & Transportation > Micromobility > Cargo bikes",
"Lifestyle, Home & Experiences > Cars & Transportation > Micromobility > E-bike subscriptions",
"Lifestyle, Home & Experiences > Cars & Transportation > Micromobility > Bike theft protection",
"Lifestyle, Home & Experiences > Cars & Transportation > Autonomous & shared rides > Peer-to-peer car sharing",
"Lifestyle, Home & Experiences > Cars & Transportation > Autonomous & shared rides > Medical & senior rides",
Enterprise & AI > AI Infrastructure > Foundation models > Open-weight models,
Enterprise & AI > AI Infrastructure > Foundation models > Domain-specific models,
Enterprise & AI > AI Infrastructure > Foundation models > Small & on-device models,
Enterprise & AI > AI Infrastructure > Foundation models > Voice & multimodal models,
Enterprise & AI > AI Infrastructure > Foundation models > Model gateways & routing,
Enterprise & AI > AI Infrastructure > AI agents > Vertical agents,no-code-friendly
Enterprise & AI > AI Infrastructure > AI agents > Coding agents,
Enterprise & AI > AI Infrastructure > AI agents > Computer-use agents,
Enterprise & AI > AI Infrastructure > AI agents > Workflow automation,service-business no-code-friendly
Enterprise & AI > AI Infrastructure > AI agents > Agent orchestration,
Enterprise & AI > AI Infrastructure > AI agents > Agent memory & context,
Enterprise & AI > AI Infrastructure > AI agents > Agent tool protocols,
Enterprise & AI > AI Infrastructure > Model training & serving > Fine-tuning platforms,
Enterprise & AI > AI Infrastructure > Model training & serving > Distributed training,
Enterprise & AI > AI Infrastructure > Model training & serving > Model serving,
Enterprise & AI > AI Infrastructure > Model training & serving > Model registries,
Enterprise & AI > AI Infrastructure > AI tooling > Evals,
Enterprise & AI > AI Infrastructure > AI tooling > LLM observability,
Enterprise & AI > AI Infrastructure > AI tooling > Prompt management,
Enterprise & AI > AI Infrastructure > AI tooling > RAG frameworks,
Enterprise & AI > AI Infrastructure > AI tooling > Guardrails & safety,
Enterprise & AI > AI Infrastructure > Compute & data centers > GPU cloud,
Enterprise & AI > AI Infrastructure > Compute & data centers > GPU marketplaces,
Enterprise & AI > AI Infrastructure > Compute & data centers > Inference optimization,
Enterprise & AI > AI Infrastructure > Compute & data centers > Data-center cooling,
Enterprise & AI > AI Infrastructure > Compute & data centers > Sovereign AI clouds,
Enterprise & AI > AI Infrastructure > Compute & data centers > Edge AI,
Enterprise & AI > AI Infrastructure > Data infrastructure > Data labeling,service-business
Enterprise & AI > AI Infrastructure > Data infrastructure > Synthetic data,
Enterprise & AI > AI Infrastructure > Data infrastructure > Web data APIs,
Enterprise & AI > AI Infrastructure > Data infrastructure > Training-data licensing,
Enterprise & AI > AI Infrastructure > Data infrastructure > Vector databases,
Enterprise & AI > AI Infrastructure > Data infrastructure > Data pipelines,
Enterprise & AI > Software & Developer Tools > Developer platforms > Cloud development environments,
Enterprise & AI > Software & Developer Tools > Developer platforms > Developer portals,
Enterprise & AI > Software & Developer Tools > Developer platforms > Open-source commercialization,
Enterprise & AI > Software & Developer Tools > AI coding tools > AI code editors,
Enterprise & AI > Software & Developer Tools > AI coding tools > AI code review,
Enterprise & AI > Software & Developer Tools > AI coding tools > AI test generation,
Enterprise & AI > Software & Developer Tools > AI coding tools > Code modernization AI,
Enterprise & AI > Software & Developer Tools > No-code & low-code > App builders,service-business content
Enterprise & AI > Software & Developer Tools > No-code & low-code > Internal-tool builders,service-business
Enterprise & AI > Software & Developer Tools > No-code & low-code > Spreadsheet-database builders,
Enterprise & AI > Software & Developer Tools > No-code & low-code > AI app generators,
Enterprise & AI > Software & Developer Tools > No-code & low-code > Workflow builders,service-business no-code-friendly
Enterprise & AI > Software & Developer Tools > Testing & quality > Test automation,
Enterprise & AI > Software & Developer Tools > Testing & quality > Mobile app testing,
Enterprise & AI > Software & Developer Tools > Testing & quality > Load testing,
Enterprise & AI > Software & Developer Tools > Testing & quality > Feature flags & experimentation,
Enterprise & AI > Software & Developer Tools > DevOps & observability > CI/CD,
Enterprise & AI > Software & Developer Tools > DevOps & observability > Infrastructure as code,
Enterprise & AI > Software & Developer Tools > DevOps & observability > Observability,
Enterprise & AI > Software & Developer Tools > DevOps & observability > Error monitoring,
Enterprise & AI > Software & Developer Tools > DevOps & observability > Incident management,
Enterprise & AI > Software & Developer Tools > DevOps & observability > Cloud cost management,
Enterprise & AI > Software & Developer Tools > Hosting & compute > App hosting,
Enterprise & AI > Software & Developer Tools > Hosting & compute > Serverless functions,
Enterprise & AI > Software & Developer Tools > Hosting & compute > Edge compute,
Enterprise & AI > Software & Developer Tools > Databases > Managed databases,
Enterprise & AI > Software & Developer Tools > Databases > Serverless databases,
Enterprise & AI > Software & Developer Tools > Databases > Analytics engineering tools,
Enterprise & AI > Software & Developer Tools > Databases > Data observability,
Enterprise & AI > Software & Developer Tools > API economy > API management,
Enterprise & AI > Software & Developer Tools > API economy > SDK generation,
Enterprise & AI > Software & Developer Tools > API economy > Webhook infrastructure,
Enterprise & AI > Software & Developer Tools > API economy > Integration platforms,service-business no-code-friendly
Enterprise & AI > Cybersecurity & Trust > Identity & zero trust > Identity management,
Enterprise & AI > Cybersecurity & Trust > Identity & zero trust > Passwordless authentication,
Enterprise & AI > Cybersecurity & Trust > Identity & zero trust > Privileged access management,
Enterprise & AI > Cybersecurity & Trust > Identity & zero trust > Zero-trust access,
Enterprise & AI > Cybersecurity & Trust > Identity & zero trust > Identity threat detection,
Enterprise & AI > Cybersecurity & Trust > Identity & zero trust > Non-human identity,
Enterprise & AI > Cybersecurity & Trust > Security operations > SOC automation,
Enterprise & AI > Cybersecurity & Trust > Security operations > Threat detection,
Enterprise & AI > Cybersecurity & Trust > Security operations > Managed detection & response,
Enterprise & AI > Cybersecurity & Trust > Security operations > Incident response,
Enterprise & AI > Cybersecurity & Trust > Security operations > Threat intelligence,
Enterprise & AI > Cybersecurity & Trust > Security operations > Vulnerability management,
Enterprise & AI > Cybersecurity & Trust > Cloud & application security > Cloud security posture,
Enterprise & AI > Cybersecurity & Trust > Cloud & application security > Application security testing,
Enterprise & AI > Cybersecurity & Trust > Cloud & application security > Software supply-chain security,
Enterprise & AI > Cybersecurity & Trust > Cloud & application security > API security,
Enterprise & AI > Cybersecurity & Trust > Cloud & application security > Secrets management,
Enterprise & AI > Cybersecurity & Trust > Data security > Data security posture,
Enterprise & AI > Cybersecurity & Trust > Data security > Encryption & key management,
Enterprise & AI > Cybersecurity & Trust > Data security > Email security,
Enterprise & AI > Cybersecurity & Trust > Data security > Backup & ransomware recovery,
Enterprise & AI > Cybersecurity & Trust > Human risk > Security awareness training,service-business content
Enterprise & AI > Cybersecurity & Trust > Human risk > Phishing simulation,
Enterprise & AI > Cybersecurity & Trust > Human risk > Insider-risk management,
Enterprise & AI > Cybersecurity & Trust > Security for AI > Model security,
Enterprise & AI > Cybersecurity & Trust > Security for AI > AI agent security,
Enterprise & AI > Cybersecurity & Trust > Security for AI > Prompt-injection defense,
Enterprise & AI > Cybersecurity & Trust > Security for AI > AI red-teaming,
Enterprise & AI > Cybersecurity & Trust > Security for AI > AI data-leak prevention,
Enterprise & AI > Cybersecurity & Trust > Trust & safety > Deepfake detection,
Enterprise & AI > Cybersecurity & Trust > Trust & safety > Content provenance,
Enterprise & AI > Cybersecurity & Trust > Trust & safety > Content moderation,
Enterprise & AI > Cybersecurity & Trust > Trust & safety > Trust & safety operations,
Enterprise & AI > Cybersecurity & Trust > Trust & safety > Bot & fraud detection,
Enterprise & AI > Cybersecurity & Trust > Trust & safety > Account takeover prevention,
Enterprise & AI > Cybersecurity & Trust > Consumer security > Identity-theft protection,
Enterprise & AI > Cybersecurity & Trust > Consumer security > Data-broker removal,service-business no-code-friendly
Enterprise & AI > Cybersecurity & Trust > Consumer security > Scam protection,content
Enterprise & AI > Cybersecurity & Trust > Consumer security > Privacy tools,
Enterprise & AI > Work & HR Tech > Recruiting > AI recruiting,
Enterprise & AI > Work & HR Tech > Recruiting > Candidate sourcing,
Enterprise & AI > Work & HR Tech > Recruiting > Skills-based hiring,
Enterprise & AI > Work & HR Tech > Recruiting > Interview intelligence,
Enterprise & AI > Work & HR Tech > Recruiting > Employment screening,
Enterprise & AI > Work & HR Tech > Recruiting > Recruiter marketplaces,
Enterprise & AI > Work & HR Tech > HRIS & people analytics > HRIS,
Enterprise & AI > Work & HR Tech > HRIS & people analytics > Performance management,
Enterprise & AI > Work & HR Tech > HRIS & people analytics > Engagement surveys,no-code-friendly
Enterprise & AI > Work & HR Tech > HRIS & people analytics > People analytics,
Enterprise & AI > Work & HR Tech > HRIS & people analytics > Compensation benchmarking,
Enterprise & AI > Work & HR Tech > Collaboration > Async collaboration,
Enterprise & AI > Work & HR Tech > Collaboration > Internal communications,service-business
Enterprise & AI > Work & HR Tech > Collaboration > Enterprise knowledge bases,
Enterprise & AI > Work & HR Tech > Collaboration > AI meeting notetakers,
Enterprise & AI > Work & HR Tech > Employee wellbeing > Mental-health benefits,
Enterprise & AI > Work & HR Tech > Employee wellbeing > Caregiving benefits,
Enterprise & AI > Work & HR Tech > Employee wellbeing > Benefits administration,
Enterprise & AI > Work & HR Tech > Employee wellbeing > Recognition & rewards,no-code-friendly
Enterprise & AI > Work & HR Tech > Learning & development > L&D platforms,
Enterprise & AI > Work & HR Tech > Learning & development > Coaching platforms,marketplace
Enterprise & AI > Work & HR Tech > Learning & development > Compliance training,service-business content
Enterprise & AI > Work & HR Tech > Learning & development > Mentoring software,no-code-friendly
Enterprise & AI > Work & HR Tech > Learning & development > Skills intelligence,
Enterprise & AI > Work & HR Tech > Learning & development > Internal mobility,
Enterprise & AI > Work & HR Tech > Global workforce > Employer of record,
Enterprise & AI > Work & HR Tech > Global workforce > Payroll software,
Enterprise & AI > Work & HR Tech > Global workforce > Contractor compliance,
Enterprise & AI > Work & HR Tech > Global workforce > Global hiring,
Enterprise & AI > Work & HR Tech > Global workforce > Employee relocation,
Enterprise & AI > Work & HR Tech > Frontline workforce > Shift scheduling,no-code-friendly
Enterprise & AI > Work & HR Tech > Frontline workforce > Shift marketplaces,
Enterprise & AI > Work & HR Tech > Frontline workforce > Frontline communication,
Enterprise & AI > Work & HR Tech > Frontline workforce > Frontline training,content
Enterprise & AI > Work & HR Tech > Frontline workforce > Workforce management,
Enterprise & AI > Legal & Compliance Tech > Legal AI > Contract AI,
Enterprise & AI > Legal & Compliance Tech > Legal AI > Legal research AI,
Enterprise & AI > Legal & Compliance Tech > Legal AI > eDiscovery,
Enterprise & AI > Legal & Compliance Tech > Legal AI > Litigation analytics,
Enterprise & AI > Legal & Compliance Tech > Legal AI > AI for small firms,no-code-friendly
Enterprise & AI > Legal & Compliance Tech > Legal operations > Contract lifecycle management,
Enterprise & AI > Legal & Compliance Tech > Legal operations > Matter management,
Enterprise & AI > Legal & Compliance Tech > Legal operations > Legal intake & triage,no-code-friendly
Enterprise & AI > Legal & Compliance Tech > Legal operations > Legal spend management,
Enterprise & AI > Legal & Compliance Tech > Legal operations > Entity management,
Enterprise & AI > Legal & Compliance Tech > Legal operations > Law-firm practice management,
Enterprise & AI > Legal & Compliance Tech > Regulatory compliance > KYC & AML,
Enterprise & AI > Legal & Compliance Tech > Regulatory compliance > Compliance automation,
Enterprise & AI > Legal & Compliance Tech > Regulatory compliance > Regulatory monitoring,
Enterprise & AI > Legal & Compliance Tech > Regulatory compliance > Policy management,
Enterprise & AI > Legal & Compliance Tech > Regulatory compliance > Ethics & whistleblowing,
Enterprise & AI > Legal & Compliance Tech > Privacy & data compliance > Consent management,
Enterprise & AI > Legal & Compliance Tech > Privacy & data compliance > Data mapping & DSARs,
Enterprise & AI > Legal & Compliance Tech > Privacy & data compliance > Privacy program automation,
Enterprise & AI > Legal & Compliance Tech > Privacy & data compliance > Children's privacy compliance,
Enterprise & AI > Legal & Compliance Tech > ESG & sustainability reporting > CSRD reporting,service-business
Enterprise & AI > Legal & Compliance Tech > ESG & sustainability reporting > Supply-chain due diligence,
Enterprise & AI > Legal & Compliance Tech > ESG & sustainability reporting > ESG data platforms,
Enterprise & AI > Legal & Compliance Tech > AI governance > AI risk management,service-business
Enterprise & AI > Legal & Compliance Tech > AI governance > Model inventories,
Enterprise & AI > Legal & Compliance Tech > AI governance > AI audits,service-business
Enterprise & AI > Legal & Compliance Tech > AI governance > EU AI Act compliance,service-business content
Enterprise & AI > Legal & Compliance Tech > Trade compliance > Tariff management,service-business content
Enterprise & AI > Legal & Compliance Tech > Trade compliance > Customs brokerage tech,
Enterprise & AI > Legal & Compliance Tech > Trade compliance > Country-of-origin tracking,
Enterprise & AI > Legal & Compliance Tech > Trade compliance > Forced-labor compliance,
Enterprise & AI > Legal & Compliance Tech > Trade compliance > Export controls,
Enterprise & AI > Legal & Compliance Tech > Trade compliance > Sanctions screening,
Enterprise & AI > Legal & Compliance Tech > IP management > Patent search AI,
Enterprise & AI > Legal & Compliance Tech > IP management > IP portfolio management,
Enterprise & AI > Legal & Compliance Tech > IP management > Trademark monitoring,service-business no-code-friendly
Enterprise & AI > Legal & Compliance Tech > IP management > Open-source license compliance,
Enterprise & AI > Marketing & Sales Tech > Generative marketing > AI content generation,service-business no-code-friendly
Enterprise & AI > Marketing & Sales Tech > Generative marketing > Creative automation,service-business
Enterprise & AI > Marketing & Sales Tech > Generative marketing > AI video ads,service-business
Enterprise & AI > Marketing & Sales Tech > Generative marketing > Personalization engines,
Enterprise & AI > Marketing & Sales Tech > Generative marketing > Generative engine optimization,service-business content
Enterprise & AI > Marketing & Sales Tech > Lifecycle marketing > Email & SMS marketing,service-business
Enterprise & AI > Marketing & Sales Tech > Lifecycle marketing > Push & in-app messaging,
Enterprise & AI > Marketing & Sales Tech > Lifecycle marketing > Referral programs,no-code-friendly
Enterprise & AI > Marketing & Sales Tech > Lifecycle marketing > Community-led growth tools,
Enterprise & AI > Marketing & Sales Tech > Creator platforms > Influencer marketplaces,marketplace
Enterprise & AI > Marketing & Sales Tech > Creator platforms > UGC marketplaces,marketplace
Enterprise & AI > Marketing & Sales Tech > Creator platforms > Affiliate networks,
Enterprise & AI > Marketing & Sales Tech > Creator platforms > Creator analytics,no-code-friendly
Enterprise & AI > Marketing & Sales Tech > Creator platforms > Creator payments,
Enterprise & AI > Marketing & Sales Tech > Retail media & ads > Retail media networks,
Enterprise & AI > Marketing & Sales Tech > Retail media & ads > CTV advertising,
Enterprise & AI > Marketing & Sales Tech > Retail media & ads > Data clean rooms,
Enterprise & AI > Marketing & Sales Tech > Retail media & ads > Ad measurement,
Enterprise & AI > Marketing & Sales Tech > Analytics & attribution > Marketing mix modeling,
Enterprise & AI > Marketing & Sales Tech > Analytics & attribution > Incrementality testing,
Enterprise & AI > Marketing & Sales Tech > Analytics & attribution > Product analytics,
Enterprise & AI > Marketing & Sales Tech > Analytics & attribution > Server-side tracking,service-business
Enterprise & AI > Marketing & Sales Tech > Analytics & attribution > Customer data platforms,
Enterprise & AI > Marketing & Sales Tech > Customer support > AI support agents,service-business no-code-friendly
Enterprise & AI > Marketing & Sales Tech > Customer support > Voice AI contact centers,
Enterprise & AI > Marketing & Sales Tech > Customer support > Help desks,
Enterprise & AI > Marketing & Sales Tech > Customer support > Support QA & analytics,no-code-friendly
Enterprise & AI > Marketing & Sales Tech > Event marketing > Event management platforms,
Enterprise & AI > Marketing & Sales Tech > Event marketing > Trade-show tech,
Enterprise & AI > Marketing & Sales Tech > Event marketing > Direct-mail automation,no-code-friendly
Enterprise & AI > Marketing & Sales Tech > Sales tech > CRM,service-business
Enterprise & AI > Marketing & Sales Tech > Sales tech > AI SDRs,
Enterprise & AI > Marketing & Sales Tech > Sales tech > Sales engagement,
Enterprise & AI > Marketing & Sales Tech > Sales tech > Sales data & enrichment,service-business no-code-friendly
Enterprise & AI > Marketing & Sales Tech > Sales tech > Sales enablement,service-business content
Enterprise & AI > Marketing & Sales Tech > Sales tech > Revenue intelligence,
Enterprise & AI > Marketing & Sales Tech > Sales tech > CPQ,
Enterprise & AI > Commerce & Retail Tech > E-commerce enablement > Shopify-app ecosystem,no-code-friendly
Enterprise & AI > Commerce & Retail Tech > E-commerce enablement > Checkout & conversion,service-business
Enterprise & AI > Commerce & Retail Tech > E-commerce enablement > Product information management,
Enterprise & AI > Commerce & Retail Tech > E-commerce enablement > Agentic commerce,
Enterprise & AI > Commerce & Retail Tech > E-commerce enablement > Loyalty & gift cards,no-code-friendly
Enterprise & AI > Commerce & Retail Tech > Marketplace selling > Marketplace seller tools,service-business no-code-friendly
Enterprise & AI > Commerce & Retail Tech > Marketplace selling > Social-commerce seller tools,service-business no-code-friendly
Enterprise & AI > Commerce & Retail Tech > Marketplace selling > Wholesale marketplaces,
Enterprise & AI > Commerce & Retail Tech > Marketplace selling > Cross-border e-commerce,
Enterprise & AI > Commerce & Retail Tech > Retail operations > Inventory management,
Enterprise & AI > Commerce & Retail Tech > Retail operations > Store analytics,
Enterprise & AI > Commerce & Retail Tech > Retail operations > Retail robotics,
Enterprise & AI > Commerce & Retail Tech > Retail operations > Loss prevention,
Enterprise & AI > Commerce & Retail Tech > Fulfillment & post-purchase > Order management,
Enterprise & AI > Commerce & Retail Tech > Fulfillment & post-purchase > Shipping software,
Enterprise & AI > Commerce & Retail Tech > Fulfillment & post-purchase > Post-purchase experience,no-code-friendly
Enterprise & AI > Commerce & Retail Tech > SMB operations > Booking & scheduling,no-code-friendly
Enterprise & AI > Commerce & Retail Tech > SMB operations > Invoicing & quotes,no-code-friendly
Enterprise & AI > Commerce & Retail Tech > SMB operations > Reviews & reputation,service-business no-code-friendly
Enterprise & AI > Commerce & Retail Tech > SMB operations > AI receptionists,service-business no-code-friendly
Enterprise & AI > Business Finance Tech > Accounting > Bookkeeping,service-business
Enterprise & AI > Business Finance Tech > Accounting > Financial reporting,service-business
Enterprise & AI > Business Finance Tech > Accounting > Close automation,
Enterprise & AI > Business Finance Tech > Accounting > Sales-tax compliance,
Enterprise & AI > Business Finance Tech > Accounting > AR automation,
Enterprise & AI > Business Finance Tech > Spend management > Corporate cards,
Enterprise & AI > Business Finance Tech > Spend management > Expense management,
Enterprise & AI > Business Finance Tech > Spend management > Procurement,
Enterprise & AI > Business Finance Tech > Spend management > AP automation,
Enterprise & AI > Business Finance Tech > Business lending > Lines of credit,
Enterprise & AI > Business Finance Tech > Business lending > Equipment financing,
Enterprise & AI > Business Finance Tech > Business lending > Invoice financing,
Enterprise & AI > Business Finance Tech > Business lending > Revenue-based financing,
Enterprise & AI > Business Finance Tech > Corporate finance > Fundraising tools,
Enterprise & AI > Business Finance Tech > Corporate finance > FP&A,service-business
Enterprise & AI > Business Finance Tech > Corporate finance > Treasury management,
Enterprise & AI > Business Finance Tech > Corporate finance > M&A tools,
Enterprise & AI > Business Finance Tech > Equity management > Cap-table software,
Enterprise & AI > Business Finance Tech > Equity management > 409A valuations,
Enterprise & AI > Business Finance Tech > Equity management > Employee equity tools,
Enterprise & AI > Business Finance Tech > Fintech infrastructure > Payment processing,
Enterprise & AI > Business Finance Tech > Fintech infrastructure > Banking-as-a-service,
Enterprise & AI > Business Finance Tech > Fintech infrastructure > Embedded finance,
Enterprise & AI > Business Finance Tech > Fintech infrastructure > Stablecoin rails,
Planet & Frontier > Climate & Energy > Clean power > Utility-scale solar,
Planet & Frontier > Climate & Energy > Clean power > Nuclear & SMRs,
Planet & Frontier > Climate & Energy > Clean power > Geothermal,
Planet & Frontier > Climate & Energy > Clean power > Community energy,
Planet & Frontier > Climate & Energy > Clean power > Project development software,
Planet & Frontier > Climate & Energy > Storage & grid > Batteries & storage,
Planet & Frontier > Climate & Energy > Storage & grid > Long-duration storage,
Planet & Frontier > Climate & Energy > Storage & grid > Grid modernization,
Planet & Frontier > Climate & Energy > Storage & grid > Advanced transmission,
Planet & Frontier > Climate & Energy > Storage & grid > Interconnection software,
Planet & Frontier > Climate & Energy > Storage & grid > Virtual power plants,
Planet & Frontier > Climate & Energy > Storage & grid > Data-center power,
Planet & Frontier > Climate & Energy > Clean fuels & industry > Electrolyzers,
Planet & Frontier > Climate & Energy > Clean fuels & industry > E-fuels & biofuels,
Planet & Frontier > Climate & Energy > Clean fuels & industry > Industrial heat electrification,
Planet & Frontier > Climate & Energy > Clean fuels & industry > Thermal energy storage,
Planet & Frontier > Climate & Energy > Clean fuels & industry > Low-carbon chemicals,
Planet & Frontier > Climate & Energy > Carbon > Carbon accounting,service-business no-code-friendly
Planet & Frontier > Climate & Energy > Carbon > Carbon capture,
Planet & Frontier > Climate & Energy > Carbon > Carbon removal,
Planet & Frontier > Climate & Energy > Carbon > MRV platforms,
Planet & Frontier > Climate & Energy > Carbon > Methane detection,
Planet & Frontier > Climate & Energy > Water tech > Water purification,
Planet & Frontier > Climate & Energy > Water tech > PFAS remediation,
Planet & Frontier > Climate & Energy > Water tech > Water reuse,
Planet & Frontier > Climate & Energy > Water tech > Desalination,
Planet & Frontier > Climate & Energy > Water tech > Smart water meters,
Planet & Frontier > Climate & Energy > Water tech > Leak detection,
Planet & Frontier > Climate & Energy > Circular economy > Recycling tech,
Planet & Frontier > Climate & Energy > Circular economy > E-waste recycling,
Planet & Frontier > Climate & Energy > Circular economy > Textile recycling,
Planet & Frontier > Climate & Energy > Circular economy > Reuse & refill systems,
Planet & Frontier > Climate & Energy > Circular economy > Waste management,
Planet & Frontier > Climate & Energy > Circular economy > Sustainable materials,
Planet & Frontier > Climate & Energy > Circular economy > Sustainable packaging,
Planet & Frontier > Climate & Energy > Climate adaptation > Climate-risk analytics,
Planet & Frontier > Climate & Energy > Climate adaptation > Wildfire tech,
Planet & Frontier > Climate & Energy > Climate adaptation > Flood resilience,
Planet & Frontier > Climate & Energy > Climate adaptation > Drought resilience,
Planet & Frontier > Climate & Energy > Climate adaptation > Extreme-heat solutions,
Planet & Frontier > Climate & Energy > EV infrastructure > Charging networks,
Planet & Frontier > Climate & Energy > EV infrastructure > Charging management software,
Planet & Frontier > Climate & Energy > EV infrastructure > Vehicle-to-grid,
Planet & Frontier > Climate & Energy > EV infrastructure > Fleet electrification,
Planet & Frontier > Climate & Energy > EV infrastructure > Battery recycling,
Planet & Frontier > Agriculture & Food Systems > Precision agriculture > Farm data platforms,
Planet & Frontier > Agriculture & Food Systems > Precision agriculture > Aerial crop scouting,
Planet & Frontier > Agriculture & Food Systems > Precision agriculture > Precision irrigation,
Planet & Frontier > Agriculture & Food Systems > Precision agriculture > Variable-rate application,
Planet & Frontier > Agriculture & Food Systems > Precision agriculture > Soil sensing,
Planet & Frontier > Agriculture & Food Systems > Precision agriculture > Greenhouse tech,
Planet & Frontier > Agriculture & Food Systems > Ag robotics > Harvest robots,
Planet & Frontier > Agriculture & Food Systems > Ag robotics > Autonomous tractors,
Planet & Frontier > Agriculture & Food Systems > Ag robotics > Weeding robots,
Planet & Frontier > Agriculture & Food Systems > Ag robotics > Milking robots,
Planet & Frontier > Agriculture & Food Systems > Ag biologicals & genetics > Biostimulants,
Planet & Frontier > Agriculture & Food Systems > Ag biologicals & genetics > Biopesticides,
Planet & Frontier > Agriculture & Food Systems > Ag biologicals & genetics > Gene-edited crops,
Planet & Frontier > Agriculture & Food Systems > Ag biologicals & genetics > Regenerative ag programs,
Planet & Frontier > Agriculture & Food Systems > Livestock & aquaculture > Aquaculture tech,
Planet & Frontier > Agriculture & Food Systems > Livestock & aquaculture > Livestock monitoring,
Planet & Frontier > Agriculture & Food Systems > Livestock & aquaculture > Methane-reducing feed,
Planet & Frontier > Agriculture & Food Systems > Alternative proteins > Precision fermentation,
Planet & Frontier > Agriculture & Food Systems > Alternative proteins > Biomass fermentation,
Planet & Frontier > Agriculture & Food Systems > Alternative proteins > Alt-dairy,
Planet & Frontier > Agriculture & Food Systems > Food supply chain > Food traceability,
Planet & Frontier > Agriculture & Food Systems > Food supply chain > Cold chain,
Planet & Frontier > Agriculture & Food Systems > Food supply chain > Food-safety testing,
Planet & Frontier > Agriculture & Food Systems > Food supply chain > Farm-to-business marketplaces,marketplace
Planet & Frontier > Agriculture & Food Systems > Farm operations & finance > Farm management software,
Planet & Frontier > Agriculture & Food Systems > Farm operations & finance > Ag lending,
Planet & Frontier > Agriculture & Food Systems > Farm operations & finance > Farm labor marketplaces,marketplace
Planet & Frontier > Industry & Supply Chain > Smart manufacturing > Reshoring platforms,
Planet & Frontier > Industry & Supply Chain > Smart manufacturing > Contract-manufacturing marketplaces,marketplace
Planet & Frontier > Industry & Supply Chain > Smart manufacturing > Factory automation,
Planet & Frontier > Industry & Supply Chain > Smart manufacturing > Cobots,
Planet & Frontier > Industry & Supply Chain > Smart manufacturing > Manufacturing execution systems,
Planet & Frontier > Industry & Supply Chain > Smart manufacturing > Industrial AI copilots,
Planet & Frontier > Industry & Supply Chain > Additive manufacturing > Industrial 3D printing,
Planet & Frontier > Industry & Supply Chain > Additive manufacturing > Metal additive,
Planet & Frontier > Industry & Supply Chain > Additive manufacturing > On-demand parts,
Planet & Frontier > Industry & Supply Chain > Additive manufacturing > Digital spare-parts inventory,
Planet & Frontier > Industry & Supply Chain > Industrial IoT > Predictive maintenance,
Planet & Frontier > Industry & Supply Chain > Industrial IoT > Industrial sensors,
Planet & Frontier > Industry & Supply Chain > Industrial IoT > Digital twins,
Planet & Frontier > Industry & Supply Chain > Industrial IoT > Machine-vision QC,
Planet & Frontier > Industry & Supply Chain > Industrial IoT > OT security,
Planet & Frontier > Industry & Supply Chain > Freight & shipping > Freight marketplaces,
Planet & Frontier > Industry & Supply Chain > Freight & shipping > Freight visibility,
Planet & Frontier > Industry & Supply Chain > Freight & shipping > Freight audit & payment,
Planet & Frontier > Industry & Supply Chain > Freight & shipping > Autonomous trucking,
Planet & Frontier > Industry & Supply Chain > Freight & shipping > Maritime tech,
Planet & Frontier > Industry & Supply Chain > Freight & shipping > Air cargo tech,
Planet & Frontier > Industry & Supply Chain > Warehousing > Warehouse robotics,
Planet & Frontier > Industry & Supply Chain > Warehousing > Warehouse management systems,
Planet & Frontier > Industry & Supply Chain > Warehousing > On-demand warehousing,
Planet & Frontier > Industry & Supply Chain > Warehousing > 3PL marketplaces,marketplace
Planet & Frontier > Industry & Supply Chain > Last-mile delivery > Route optimization,
Planet & Frontier > Industry & Supply Chain > Last-mile delivery > Parcel lockers,
Planet & Frontier > Industry & Supply Chain > Last-mile delivery > Delivery drones,
Planet & Frontier > Industry & Supply Chain > Reverse logistics > Returns management,
Planet & Frontier > Industry & Supply Chain > Reverse logistics > B2B recommerce,
Planet & Frontier > Industry & Supply Chain > Reverse logistics > Liquidation marketplaces,
Planet & Frontier > Industry & Supply Chain > Reverse logistics > Refurbishment,service-business
Planet & Frontier > Industry & Supply Chain > Reverse logistics > Repair networks,service-business marketplace
Planet & Frontier > Industry & Supply Chain > Critical minerals > AI mineral exploration,
Planet & Frontier > Industry & Supply Chain > Critical minerals > Mining automation,
Planet & Frontier > Industry & Supply Chain > Critical minerals > Rare-earth processing,
Planet & Frontier > Industry & Supply Chain > Critical minerals > Rare-earth magnets,
Planet & Frontier > Industry & Supply Chain > Critical minerals > Battery-metal refining,
Planet & Frontier > Industry & Supply Chain > Critical minerals > Urban mining,
Planet & Frontier > Built Environment > Property management > Property-management software,
Planet & Frontier > Built Environment > Property management > Resident screening,
Planet & Frontier > Built Environment > Property management > Rent collection,
Planet & Frontier > Built Environment > Property management > Maintenance coordination,service-business no-code-friendly
Planet & Frontier > Built Environment > Property management > Short-term rental operations,service-business
Planet & Frontier > Built Environment > Commercial real estate tech > Lease management,
Planet & Frontier > Built Environment > Commercial real estate tech > CRE analytics,
Planet & Frontier > Built Environment > Commercial real estate tech > Space planning,
Planet & Frontier > Built Environment > Construction tech > Construction project management,
Planet & Frontier > Built Environment > Construction tech > BIM software,
Planet & Frontier > Built Environment > Construction tech > Takeoff & estimating AI,service-business
Planet & Frontier > Built Environment > Construction tech > Jobsite safety monitoring,
Planet & Frontier > Built Environment > Construction tech > Prefab & modular,
Planet & Frontier > Built Environment > Construction tech > Construction robotics,
Planet & Frontier > Built Environment > Construction tech > Permitting automation,service-business no-code-friendly
Planet & Frontier > Built Environment > Construction supply chain > Materials procurement,
Planet & Frontier > Built Environment > Construction supply chain > Subcontractor marketplaces,marketplace
Planet & Frontier > Built Environment > Construction supply chain > Construction payments & lien waivers,
Planet & Frontier > Built Environment > Construction supply chain > Equipment rental,
Planet & Frontier > Built Environment > Smart buildings > Building automation,
Planet & Frontier > Built Environment > Smart buildings > Building energy management,
Planet & Frontier > Built Environment > Smart buildings > HVAC optimization,
Planet & Frontier > Built Environment > Smart buildings > Access control,
Planet & Frontier > Built Environment > Smart buildings > Building electrification retrofits,
Planet & Frontier > Built Environment > Real estate transactions > Brokerage tech,
Planet & Frontier > Built Environment > Real estate transactions > Transaction management,service-business
Planet & Frontier > Built Environment > Real estate transactions > Home valuation,
Planet & Frontier > Built Environment > Real estate transactions > Mortgage tech,
Planet & Frontier > Built Environment > Real estate transactions > Title & escrow,
Planet & Frontier > Built Environment > Housing supply > Zoning analytics,
Planet & Frontier > Built Environment > Housing supply > Land acquisition platforms,
Planet & Frontier > Built Environment > Housing supply > Affordable-housing development tools,
Planet & Frontier > Built Environment > Housing supply > Office-to-residential conversion,
Planet & Frontier > Biotech & Life Sciences > AI drug discovery > Protein design,
Planet & Frontier > Biotech & Life Sciences > AI drug discovery > Antibody design,
Planet & Frontier > Biotech & Life Sciences > AI drug discovery > Target discovery,
Planet & Frontier > Biotech & Life Sciences > AI drug discovery > Generative chemistry,
Planet & Frontier > Biotech & Life Sciences > AI drug discovery > Virtual cell models,
Planet & Frontier > Biotech & Life Sciences > Gene & cell therapy > Gene editing,
Planet & Frontier > Biotech & Life Sciences > Gene & cell therapy > CAR-T & cell therapy,
Planet & Frontier > Biotech & Life Sciences > Gene & cell therapy > Gene delivery,
Planet & Frontier > Biotech & Life Sciences > Gene & cell therapy > RNA therapeutics,
Planet & Frontier > Biotech & Life Sciences > Gene & cell therapy > Cell-therapy manufacturing,
Planet & Frontier > Biotech & Life Sciences > Diagnostics & biosensors > Liquid biopsy,
Planet & Frontier > Biotech & Life Sciences > Diagnostics & biosensors > Multi-cancer early detection,
Planet & Frontier > Biotech & Life Sciences > Diagnostics & biosensors > Continuous biosensors,
Planet & Frontier > Biotech & Life Sciences > Diagnostics & biosensors > Point-of-care diagnostics,
Planet & Frontier > Biotech & Life Sciences > Diagnostics & biosensors > Companion diagnostics,
Planet & Frontier > Biotech & Life Sciences > Clinical trials > Decentralized trials,
Planet & Frontier > Biotech & Life Sciences > Clinical trials > Patient recruitment,
Planet & Frontier > Biotech & Life Sciences > Clinical trials > AI protocol design,
Planet & Frontier > Biotech & Life Sciences > Clinical trials > Trial data platforms,
Planet & Frontier > Biotech & Life Sciences > Clinical trials > Real-world evidence,
Planet & Frontier > Biotech & Life Sciences > Lab tools & automation > Lab robotics,
Planet & Frontier > Biotech & Life Sciences > Lab tools & automation > Cloud labs,
Planet & Frontier > Biotech & Life Sciences > Lab tools & automation > ELN & LIMS,
Planet & Frontier > Biotech & Life Sciences > Lab tools & automation > Single-cell & spatial omics,
Planet & Frontier > Biotech & Life Sciences > Lab tools & automation > Lab supply marketplaces,
Planet & Frontier > Biotech & Life Sciences > Synthetic biology > Biomanufacturing,
Planet & Frontier > Biotech & Life Sciences > Synthetic biology > Engineered microbes,
Planet & Frontier > Biotech & Life Sciences > Synthetic biology > Biomaterials,
Planet & Frontier > Biotech & Life Sciences > Synthetic biology > DNA synthesis,
Planet & Frontier > Biotech & Life Sciences > Synthetic biology > Cell-free systems,
Planet & Frontier > Biotech & Life Sciences > Biotech services > AI-enabled CROs,
Planet & Frontier > Biotech & Life Sciences > Biotech services > CDMO capacity marketplaces,
Planet & Frontier > Biotech & Life Sciences > Biotech services > Regulatory submission software,
Planet & Frontier > Biotech & Life Sciences > Biotech services > IP & licensing platforms,
Planet & Frontier > Biotech & Life Sciences > Longevity biotech > Senolytics,
Planet & Frontier > Biotech & Life Sciences > Longevity biotech > Cellular reprogramming,
Planet & Frontier > Biotech & Life Sciences > Longevity biotech > Aging biomarker discovery,
Planet & Frontier > Aerospace & Defense > Launch & in-space > In-space servicing,
Planet & Frontier > Aerospace & Defense > Launch & in-space > In-space manufacturing,
Planet & Frontier > Aerospace & Defense > Satellites & space data > Earth-observation imagery,
Planet & Frontier > Aerospace & Defense > Satellites & space data > Geospatial analytics,
Planet & Frontier > Aerospace & Defense > Satellites & space data > Direct-to-device satellite,
Planet & Frontier > Aerospace & Defense > Satellites & space data > Smallsat components,
Planet & Frontier > Aerospace & Defense > Satellites & space data > Space situational awareness,
Planet & Frontier > Aerospace & Defense > Next-gen aviation > Electric & hybrid aircraft,
Planet & Frontier > Aerospace & Defense > Next-gen aviation > Regional air mobility,
Planet & Frontier > Aerospace & Defense > Next-gen aviation > Sustainable aviation fuel,
Planet & Frontier > Aerospace & Defense > Next-gen aviation > Aviation maintenance tech,
Planet & Frontier > Aerospace & Defense > Defense tech > Dual-use hardware,
Planet & Frontier > Aerospace & Defense > Defense tech > Defense software,
Planet & Frontier > Aerospace & Defense > Defense tech > Sensors & ISR,
Planet & Frontier > Aerospace & Defense > Defense tech > Autonomous systems,
Planet & Frontier > Aerospace & Defense > Defense tech > Electronic warfare,
Planet & Frontier > Aerospace & Defense > Defense tech > Missile defense,
Planet & Frontier > Aerospace & Defense > Defense tech > Defense manufacturing,
Planet & Frontier > Aerospace & Defense > Defense tech > Defense procurement tools,
Planet & Frontier > Aerospace & Defense > Drones & counter-drone > Military drones,
Planet & Frontier > Aerospace & Defense > Drones & counter-drone > Commercial drones,
Planet & Frontier > Aerospace & Defense > Drones & counter-drone > Drone inspection services,
Planet & Frontier > Aerospace & Defense > Drones & counter-drone > Drone components,
Planet & Frontier > Aerospace & Defense > Drones & counter-drone > Drone traffic management,
Planet & Frontier > Aerospace & Defense > Drones & counter-drone > Counter-drone systems,
Planet & Frontier > Deep Tech > Semiconductors & AI chips > AI accelerators,
Planet & Frontier > Deep Tech > Semiconductors & AI chips > Low-power edge chips,
Planet & Frontier > Deep Tech > Semiconductors & AI chips > Chip design tools,
Planet & Frontier > Deep Tech > Semiconductors & AI chips > Photonics,
Planet & Frontier > Deep Tech > Semiconductors & AI chips > Advanced packaging,
Planet & Frontier > Deep Tech > Semiconductors & AI chips > Semiconductor equipment,
Planet & Frontier > Deep Tech > Quantum computing > Quantum hardware,
Planet & Frontier > Deep Tech > Quantum computing > Quantum software,
Planet & Frontier > Deep Tech > Quantum computing > Quantum sensing,
Planet & Frontier > Deep Tech > Quantum computing > Quantum networking,
Planet & Frontier > Deep Tech > Quantum computing > Post-quantum cryptography,
Planet & Frontier > Deep Tech > Robotics > Humanoid robots,
Planet & Frontier > Deep Tech > Robotics > Robot foundation models,
Planet & Frontier > Deep Tech > Robotics > Robot training data,
Planet & Frontier > Deep Tech > Robotics > Actuators & dexterous hands,
Planet & Frontier > Deep Tech > Robotics > Service robots,
Planet & Frontier > Deep Tech > Robotics > Robotics-as-a-service,
Planet & Frontier > Deep Tech > Neurotech & BCI > Implantable BCIs,
Planet & Frontier > Deep Tech > Neurotech & BCI > Non-invasive BCIs,
Planet & Frontier > Deep Tech > Neurotech & BCI > Neuroprosthetics,
Planet & Frontier > Deep Tech > Neurotech & BCI > Neurostimulation,
Planet & Frontier > Deep Tech > Neurotech & BCI > Neural data platforms,
Planet & Frontier > Deep Tech > Advanced materials > AI materials discovery,
Planet & Frontier > Deep Tech > Advanced materials > Next-gen batteries,
Planet & Frontier > Deep Tech > Advanced materials > Advanced composites,
Planet & Frontier > Deep Tech > Advanced materials > Metamaterials,
Planet & Frontier > Deep Tech > Advanced materials > Low-carbon cement & steel,
Planet & Frontier > Public Interest & Impact > GovTech > Permitting software,
Planet & Frontier > Public Interest & Impact > GovTech > Benefits access,content no-code-friendly
Planet & Frontier > Public Interest & Impact > GovTech > Government procurement,
Planet & Frontier > Public Interest & Impact > GovTech > Legacy-system modernization,
Planet & Frontier > Public Interest & Impact > GovTech > Government AI assistants,
Planet & Frontier > Public Interest & Impact > GovTech > Public records & FOIA,
Planet & Frontier > Public Interest & Impact > Public safety > 911 & dispatch tech,
Planet & Frontier > Public Interest & Impact > Public safety > Emergency alerting,
Planet & Frontier > Public Interest & Impact > Public safety > Early-warning systems,
Planet & Frontier > Public Interest & Impact > Public safety > Disaster response,
Planet & Frontier > Public Interest & Impact > Public safety > Evidence management,
Planet & Frontier > Public Interest & Impact > Smart cities & transit > Transit tech,
Planet & Frontier > Public Interest & Impact > Smart cities & transit > Microtransit,
Planet & Frontier > Public Interest & Impact > Smart cities & transit > Traffic management,
Planet & Frontier > Public Interest & Impact > Smart cities & transit > Curb management,
Planet & Frontier > Public Interest & Impact > Smart cities & transit > Road-safety analytics,
Planet & Frontier > Public Interest & Impact > Accessibility tech > AAC devices,
Planet & Frontier > Public Interest & Impact > Accessibility tech > Live captioning,service-business
Planet & Frontier > Public Interest & Impact > Accessibility tech > Sign-language AI,
Planet & Frontier > Public Interest & Impact > Accessibility tech > Cognitive-accessibility tools,
Planet & Frontier > Public Interest & Impact > Accessibility tech > Prosthetics & mobility aids,
Planet & Frontier > Public Interest & Impact > Accessibility tech > Accessibility compliance,service-business
Planet & Frontier > Public Interest & Impact > Nonprofit tech > Fundraising platforms,
Planet & Frontier > Public Interest & Impact > Nonprofit tech > Nonprofit CRM,
Planet & Frontier > Public Interest & Impact > Nonprofit tech > Volunteer management,no-code-friendly
Planet & Frontier > Public Interest & Impact > Nonprofit tech > Grant-seeking tools,service-business no-code-friendly
Planet & Frontier > Public Interest & Impact > Nonprofit tech > Grantmaking software,
Planet & Frontier > Public Interest & Impact > Nonprofit tech > Impact measurement,service-business
Planet & Frontier > Public Interest & Impact > Global development > Emerging-market edtech,
Planet & Frontier > Public Interest & Impact > Global development > Last-mile health delivery,
Planet & Frontier > Public Interest & Impact > Global development > Off-grid energy,
Planet & Frontier > Public Interest & Impact > Global development > Smallholder agtech,
Planet & Frontier > Public Interest & Impact > Global development > Financial-inclusion infrastructure,
Planet & Frontier > Public Interest & Impact > Civic participation & justice > Access to justice,content
Planet & Frontier > Public Interest & Impact > Civic participation & justice > Court modernization,
Planet & Frontier > Public Interest & Impact > Civic participation & justice > Reentry services,
